id,eesnimi,perenimi,email,car_make,car_model,car_year,car_price
1,Zorina,Orbine,zorbine0@usatoday.com,Chevrolet,Blazer,1999,34489
2,Rich,Mastrantone,rmastrantone1@google.nl,Jeep,Wrangler,1995,35677
3,Darren,Joe,djoe2@wikimedia.org,Bentley,Azure,2007,51109
4,Symon,Chewter,schewter3@xinhuanet.com,Cadillac,Escalade EXT,2006,32517
5,Chester,Jakaway,cjakaway4@house.gov,BMW,5 Series,2005,64844
6,Feodora,McCarle,fmccarle5@jugem.jp,Volkswagen,Jetta,1999,95898
7,Gwynne,Jolliffe,gjolliffe6@instagram.com,Pontiac,Firefly,1988,36213
8,Ivonne,McKiddin,imckiddin7@smh.com.au,Toyota,4Runner,2010,45434
9,Paulette,Road,proad8@freewebs.com,Chevrolet,Camaro,1972,13841
10,Kory,Binder,kbinder9@about.com,GMC,Yukon,1994,37016
11,Karlik,Bukac,kbukaca@accuweather.com,Chevrolet,Suburban 2500,1993,19148
12,Lucais,Brinded,lbrindedb@barnesandnoble.com,Mazda,MPV,2005,36931
13,Axe,Roggerone,aroggeronec@apple.com,Acura,RSX,2003,35513
14,Herbie,Sign,hsignd@harvard.edu,Volkswagen,riolet,1993,55070
15,Angelina,Sprowle,asprowlee@icq.com,Dodge,Caravan,1993,97767
16,Vinny,Ewan,vewanf@about.com,Dodge,Ram 3500,1998,57523
17,Erie,Race,eraceg@unblog.fr,Jaguar,XJ Series,2000,46399
18,Lanae,Medcalfe,lmedcalfeh@tumblr.com,Nissan,240SX,1992,61511
19,Adelheid,Bernocchi,abernocchii@t-online.de,Toyota,Matrix,2010,91757
20,Averil,Fortescue,afortescuej@creativecommons.org,Volkswagen,Type 2,1986,50461
21,Adham,Beddis,abeddisk@sphinn.com,Honda,CR-V,2007,65232
22,Yank,Haime,yhaimel@a8.net,Honda,Civic Si,2005,42691
23,Lucita,Brunton,lbruntonm@addtoany.com,Acura,CL,1999,53764
24,Cosette,Cully,ccullyn@wordpress.org,Lexus,LX,2009,19689
25,Kiersten,Slyne,kslyneo@stanford.edu,Lamborghini,Gallardo,2008,73035
26,Cindelyn,Desaur,cdesaurp@cbc.ca,Toyota,Tacoma Xtra,2004,98573
27,Devy,Firman,dfirmanq@answers.com,BMW,3 Series,2004,84459
28,Lavina,Vasovic,lvasovicr@phoca.cz,Volvo,S40,2005,28534
29,Edita,Saffin,esaffins@com.com,Mitsubishi,Mirage,1987,42708
30,Simona,Brotheridge,sbrotheridget@addtoany.com,Lamborghini,Diablo,1996,23373
31,Tanny,Gaitone,tgaitoneu@forbes.com,Cadillac,XLR,2008,36996
32,Deni,Recke,dreckev@shareasale.com,Lincoln,MKS,2012,50811
33,Hanni,Cliburn,hcliburnw@jalbum.net,Pontiac,Bonneville,1995,22035
34,Deloria,Gong,dgongx@cdc.gov,Volkswagen,rio,1999,42882
35,Michel,Ballance,mballancey@mac.com,Land Rover,LR3,2007,88202
36,Shandy,Turmell,sturmellz@cdc.gov,Nissan,Frontier,2008,36546
37,Earl,Townshend,etownshend10@barnesandnoble.com,Volkswagen,Jetta,2006,79427
38,Clovis,Garnsey,cgarnsey11@infoseek.co.jp,Chevrolet,Express 1500,2003,60367
39,Sammie,MacGuiness,smacguiness12@squidoo.com,Cadillac,XLR-V,2007,52436
40,Cass,Oehme,coehme13@walmart.com,Chevrolet,Corsica,1992,61907
41,Jordan,McAvey,jmcavey14@ucsd.edu,Mazda,Familia,1988,52461
42,Wynn,Wettern,wwettern15@marriott.com,Mazda,Tribute,2003,42872
43,Lanny,Francais,lfrancais16@mozilla.com,Ford,F150,2004,69298
44,Hartwell,Hayward,hhayward17@e-recht24.de,Chevrolet,Tahoe,2003,18121
45,Nicolis,Radley,nradley18@weibo.com,Subaru,Brat,1986,68260
46,Lisle,Carik,lcarik19@microsoft.com,Acura,Vigor,1992,68173
47,Brenna,Ivanyutin,bivanyutin1a@epa.gov,Mercedes-Benz,M-Class,2012,91843
48,Geri,Pogson,gpogson1b@ehow.com,Ford,Econoline E150,1998,76325
49,Ermin,McNirlan,emcnirlan1c@webmd.com,Ford,Expedition,2000,90959
50,Ingrim,Fidele,ifidele1d@toplist.cz,Chevrolet,Silverado 2500,2005,6783
51,Rebeka,De Ferraris,rdeferraris1e@yale.edu,GMC,Savana 2500,2003,16007
52,Danny,Ashpole,dashpole1f@acquirethisname.com,Nissan,Pathfinder,2008,85839
53,Thia,Upchurch,tupchurch1g@tamu.edu,Subaru,SVX,1993,51227
54,Kerwin,Whitley,kwhitley1h@baidu.com,Mercury,Mountaineer,2000,87777
55,Lurlene,Roskelley,lroskelley1i@topsy.com,Toyota,Tacoma Xtra,1996,49145
56,Saw,Conlon,sconlon1j@rediff.com,Mitsubishi,Eclipse,1994,65357
57,Arvie,Lamblot,alamblot1k@usgs.gov,Lexus,LFA,2012,16231
58,Townie,Aysh,taysh1l@bloomberg.com,Pontiac,Tempest,1966,73346
59,Sissy,Durnan,sdurnan1m@ning.com,Chevrolet,Silverado 1500,2004,5180
60,Ruthy,Eadmead,readmead1n@ehow.com,Pontiac,Bonneville,2004,23443
61,Samson,Pomroy,spomroy1o@privacy.gov.au,Geo,Metro,1993,85339
62,Bunni,Berriball,bberriball1p@oakley.com,Acura,Integra,1999,78963
63,Sephira,Chsteney,schsteney1q@xrea.com,Saab,900,1990,75697
64,Sallyann,Giovannetti,sgiovannetti1r@w3.org,GMC,Sierra 1500,2004,94078
65,Ambrosi,Bruton,abruton1s@so-net.ne.jp,Lamborghini,Gallardo,2005,25752
66,Nevin,Stalf,nstalf1t@thetimes.co.uk,Hyundai,XG350,2004,32216
67,Erv,Troyes,etroyes1u@si.edu,Porsche,928,1990,88170
68,Torrey,Kisting,tkisting1v@nature.com,Infiniti,FX,2009,29586
69,Ruthi,Leborgne,rleborgne1w@biblegateway.com,GMC,Envoy,2007,72214
70,Ruggiero,Kauschke,rkauschke1x@hibu.com,Mitsubishi,Mirage,2001,80805
71,Ynes,Barracks,ybarracks1y@hibu.com,Ford,LTD Crown Victoria,1993,77454
72,Royall,Sewter,rsewter1z@wordpress.com,Ford,Fusion,2007,84071
73,Humphrey,Tsar,htsar20@sourceforge.net,Mazda,Familia,1989,30441
74,Lamont,Vautrey,lvautrey21@cnn.com,Ford,Explorer,2012,56870
75,Shannen,D'Ambrosio,sdambrosio22@vistaprint.com,Lincoln,Town Car,1994,55601
76,Eadith,Duiged,eduiged23@pcworld.com,Audi,80,1989,96983
77,Dallas,Sate,dsate24@hud.gov,Dodge,Stealth,1994,15393
78,Lyman,Roelvink,lroelvink25@github.io,Volkswagen,Cabriolet,1989,47858
79,Emera,Reddick,ereddick26@github.io,Chevrolet,Corvette,2011,81461
80,Demetre,Sustin,dsustin27@auda.org.au,Pontiac,Grand Am,1996,51030
81,Emmey,Hawley,ehawley28@fda.gov,Lincoln,MKZ,2007,71369
82,Ahmed,Errichiello,aerrichiello29@google.com.au,Chevrolet,Metro,1999,65921
83,Stacy,Talks,stalks2a@free.fr,Chevrolet,Lumina,2001,45963
84,Dene,Wagstaffe,dwagstaffe2b@state.tx.us,Mercedes-Benz,GL-Class,2011,15570
85,Umberto,Wakelin,uwakelin2c@altervista.org,Mercedes-Benz,E-Class,1988,64324
86,Hartwell,Braysher,hbraysher2d@github.com,Subaru,Tribeca,2009,53371
87,Ginevra,Ritmeier,gritmeier2e@deviantart.com,Lamborghini,Gallardo,2011,79004
88,Raviv,Finnis,rfinnis2f@gravatar.com,Eagle,Talon,1993,45537
89,Shirleen,Elsley,selsley2g@usa.gov,Ford,Taurus,1996,5535
90,Edgardo,McBean,emcbean2h@facebook.com,Audi,R8,2008,64205
91,Alexi,Cradick,acradick2i@skyrock.com,Chevrolet,1500,1997,78184
92,Alano,Sisnett,asisnett2j@edublogs.org,Ford,E-Series,1992,15678
93,Yance,McUre,ymcure2k@kickstarter.com,Chevrolet,S10,2001,22822
94,Othello,Hawtry,ohawtry2l@washingtonpost.com,GMC,Savana 2500,2000,55531
95,Cherin,Di Pietro,cdipietro2m@berkeley.edu,Nissan,Titan,2011,36323
96,Alicia,Satterley,asatterley2n@topsy.com,Jaguar,XJ,2009,65744
97,Babara,Frichley,bfrichley2o@telegraph.co.uk,Suzuki,Grand Vitara,2000,59842
98,Thane,Maruska,tmaruska2p@bandcamp.com,Mazda,Miata MX-5,1995,22854
99,Hagen,Stickler,hstickler2q@amazon.co.uk,Suzuki,Sidekick,1996,47575
100,Olwen,Rastall,orastall2r@google.ca,Volvo,C70,1999,95681
101,Danit,Rodenborch,drodenborch2s@nhs.uk,Audi,TT,2001,44627
102,Dorothy,Dwire,ddwire2t@tuttocitta.it,Hyundai,Tucson,2005,40745
103,Elsinore,Fetherstonhaugh,efetherstonhaugh2u@hc360.com,Chevrolet,Prizm,1999,30181
104,Rosie,Bladesmith,rbladesmith2v@marketwatch.com,Honda,Passport,1997,72062
105,Fallon,Kermeen,fkermeen2w@engadget.com,GMC,1500 Club Coupe,1999,93543
106,Sonya,Grainge,sgrainge2x@multiply.com,Dodge,Ram 3500,1996,57558
107,Marianne,Overlow,moverlow2y@unesco.org,Maserati,Coupe,2006,44796
108,Berget,Domney,bdomney2z@goo.ne.jp,Maserati,430,1989,64078
109,Byrom,Calendar,bcalendar30@irs.gov,Audi,A5,2009,46451
110,Claybourne,Eltun,celtun31@redcross.org,Chevrolet,Tracker,1999,10972
111,Stacia,Fantini,sfantini32@livejournal.com,Volkswagen,New Beetle,2002,69292
112,Forrester,Kelloway,fkelloway33@shop-pro.jp,Nissan,Rogue,2012,85791
113,Durante,Curm,dcurm34@princeton.edu,GMC,1500,1993,42942
114,Dalis,Little,dlittle35@china.com.cn,Pontiac,Sunbird,1990,5512
115,Mordy,Barnfather,mbarnfather36@mayoclinic.com,Plymouth,Grand Voyager,1993,81945
116,Chrissy,Scholtz,cscholtz37@about.me,Audi,A4,1999,66698
117,Hastings,Worvell,hworvell38@tripadvisor.com,Honda,S2000,2002,78177
118,Cristian,Laxtonne,claxtonne39@multiply.com,Nissan,Armada,2012,72727
119,Elissa,Veryard,everyard3a@woothemes.com,Aston Martin,DBS,2009,70439
120,Birk,Fey,bfey3b@businessweek.com,Pontiac,Tempest,1965,72849
121,Job,Demanche,jdemanche3c@alexa.com,Dodge,Avenger,2012,29359
122,Galina,Gribbin,ggribbin3d@rambler.ru,Mazda,Miata MX-5,2006,22904
123,Laurel,Corter,lcorter3e@amazon.co.uk,Oldsmobile,Aurora,1998,88387
124,Sander,Dufer,sdufer3f@hp.com,Bentley,Arnage,2007,10173
125,Shir,Bysaker,sbysaker3g@constantcontact.com,Mercedes-Benz,R-Class,2007,7551
126,Kain,Errett,kerrett3h@cpanel.net,Eagle,Talon,1990,51569
127,Fred,Kenderdine,fkenderdine3i@examiner.com,Lexus,LX,2001,64643
128,Clarabelle,Sexon,csexon3j@vimeo.com,Nissan,Frontier,2003,45305
129,Augustin,McGougan,amcgougan3k@dyndns.org,Chrysler,Town & Country,1996,3091
130,Carolin,Gothup,cgothup3l@paginegialle.it,Mercedes-Benz,G-Class,2004,40778
131,Lotti,Gittus,lgittus3m@chronoengine.com,Acura,CL,2003,56976
132,Corilla,Melson,cmelson3n@friendfeed.com,BMW,530,2006,76187
133,Gwenny,Alyoshin,galyoshin3o@msn.com,GMC,Envoy,2000,29389
134,Mona,Hammerstone,mhammerstone3p@ft.com,Chevrolet,Caprice,1994,3963
135,Cthrine,Tysall,ctysall3q@google.cn,Subaru,Outback,2011,57137
136,Milly,Castanyer,mcastanyer3r@nhs.uk,Honda,Civic,1995,63093
137,Chryste,Deners,cdeners3s@salon.com,Lotus,Esprit,2004,97311
138,Clem,Reimer,creimer3t@51.la,Lexus,ES,2011,61839
139,Alleen,Curthoys,acurthoys3u@craigslist.org,Mitsubishi,Cordia,1984,53489
140,Toinette,Borlease,tborlease3v@eventbrite.com,Land Rover,Range Rover Sport,2010,75092
141,Homere,Parnham,hparnham3w@networksolutions.com,Nissan,Frontier,2000,69032
142,Everett,Risson,erisson3x@tumblr.com,Mazda,Mazda6 Sport,2006,92691
143,Bobbi,Stonehewer,bstonehewer3y@google.pl,MINI,Cooper Clubman,2010,71057
144,Duke,Honatsch,dhonatsch3z@blinklist.com,Dodge,Durango,2000,56231
145,Antons,Hallor,ahallor40@uiuc.edu,Lexus,GX,2004,1020
146,Barbara-anne,Sang,bsang41@dell.com,Audi,A4,2012,93730
147,Sibilla,Marshallsay,smarshallsay42@cyberchimps.com,Pontiac,Grand Prix Turbo,1990,60330
148,Ravid,Thickpenny,rthickpenny43@miibeian.gov.cn,Jaguar,XK Series,2000,14847
149,Gigi,Glascott,gglascott44@ihg.com,Chevrolet,Corvette,1967,82430
150,Blakelee,Durand,bdurand45@indiatimes.com,Audi,TT,2011,55389
151,Dorie,Laville,dlaville46@networkadvertising.org,Honda,Prelude,2000,19596
152,Wandie,Tolson,wtolson47@go.com,Subaru,Legacy,2004,42220
153,Sallee,Faulconbridge,sfaulconbridge48@eventbrite.com,Kia,Sorento,2012,6919
154,Daveta,Bridgstock,dbridgstock49@infoseek.co.jp,Subaru,Impreza,1998,52806
155,Anson,Mewitt,amewitt4a@statcounter.com,Chevrolet,Suburban 2500,1992,79965
156,Jarrod,Ratledge,jratledge4b@about.me,Isuzu,Rodeo,1994,77356
157,Latia,Gutowska,lgutowska4c@google.co.uk,Hyundai,Tiburon,1998,94968
158,Darrick,Beamiss,dbeamiss4d@google.com,Chevrolet,3500,2000,24380
159,Julianna,Murrum,jmurrum4e@acquirethisname.com,Toyota,Paseo,1992,56511
160,Gwendolin,Maber,gmaber4f@jalbum.net,Toyota,Land Cruiser,2010,26630
161,Jere,Gaydon,jgaydon4g@imgur.com,Mercedes-Benz,C-Class,1995,93871
162,Billy,Wellbelove,bwellbelove4h@wiley.com,Ford,Aerostar,1986,13763
163,Doloritas,Diaper,ddiaper4i@topsy.com,Subaru,Impreza,1998,51520
164,Rozalin,Poser,rposer4j@jimdo.com,Ford,Focus ST,2013,86130
165,Consolata,Lawlie,clawlie4k@twitter.com,Chevrolet,Monte Carlo,2005,21778
166,Rossie,Belward,rbelward4l@marriott.com,Nissan,Maxima,2009,32932
167,Barnie,Merrilees,bmerrilees4m@pen.io,Mercedes-Benz,SL-Class,2000,16126
168,Tobye,Rubi,trubi4n@mapquest.com,Aston Martin,DB9,2011,18959
169,Zaria,Fantone,zfantone4o@cnet.com,Dodge,Dakota,1996,9313
170,Marcela,Tordiffe,mtordiffe4p@sina.com.cn,Lotus,Esprit,1996,96433
171,Di,Smallcombe,dsmallcombe4q@wikispaces.com,Chevrolet,Express 1500,2002,11002
172,Edvard,Wolsey,ewolsey4r@amazon.co.jp,Ford,Ranger,2008,48935
173,Chevalier,Grimestone,cgrimestone4s@noaa.gov,Chevrolet,Astro,1999,52683
174,Sile,Marston,smarston4t@sphinn.com,Toyota,Land Cruiser,1998,22412
175,Charissa,Benedetti,cbenedetti4u@usnews.com,Mitsubishi,Pajero,1988,59276
176,Leanora,Watting,lwatting4v@ted.com,Chevrolet,Sportvan G20,1993,71885
177,Harman,Hansom,hhansom4w@godaddy.com,Suzuki,Samurai,1992,80563
178,Nikki,Thomann,nthomann4x@cnet.com,GMC,Safari,2000,37108
179,Jocelyn,Trebble,jtrebble4y@dot.gov,Mazda,CX-9,2012,34565
180,Karry,Colbeck,kcolbeck4z@toplist.cz,Acura,CL,2003,10128
181,Daune,Topes,dtopes50@omniture.com,Toyota,Corolla,1998,21229
182,Ty,Meaker,tmeaker51@sohu.com,Mercedes-Benz,SLK-Class,2003,97988
183,Klarika,Berthomier,kberthomier52@hexun.com,Mitsubishi,Starion,1987,89955
184,Corny,Happs,chapps53@adobe.com,Nissan,Armada,2010,16313
185,Sutherlan,Arblaster,sarblaster54@businessweek.com,Nissan,Frontier,2002,45656
186,Levon,Goodbarr,lgoodbarr55@i2i.jp,Acura,MDX,2008,38653
187,Trip,Culkin,tculkin56@latimes.com,Buick,LeSabre,1993,89633
188,Regan,Hulland,rhulland57@uol.com.br,Aston Martin,V12 Vantage,2012,30564
189,Sibeal,Talbot,stalbot58@toplist.cz,Ford,Explorer Sport Trac,2002,35274
190,Linn,Skingley,lskingley59@bbb.org,GMC,Sierra,2009,43403
191,Viva,McGeoch,vmcgeoch5a@europa.eu,Volvo,S60,2004,57078
192,Coop,Tubb,ctubb5b@meetup.com,Aston Martin,Vantage,2009,24402
193,Dukie,Fosdike,dfosdike5c@ebay.com,Ford,Escape,2008,58415
194,Rollo,Medhurst,rmedhurst5d@chicagotribune.com,Ford,Explorer,1999,33294
195,Eb,Sevitt,esevitt5e@youtu.be,Ford,F350,1996,73937
196,Teirtza,Davydkov,tdavydkov5f@tinypic.com,Ford,E150,1984,78663
197,Engracia,Goldes,egoldes5g@wix.com,Mitsubishi,Raider,2008,95393
198,Rowland,Pauleau,rpauleau5h@usatoday.com,Mazda,B-Series Plus,2000,12411
199,Kimbra,Nussey,knussey5i@dyndns.org,Dodge,Avenger,1997,33781
200,Levy,Waker,lwaker5j@china.com.cn,Nissan,Sentra,2002,29708
201,Francois,Cromleholme,fcromleholme5k@independent.co.uk,Mercury,Mystique,1996,87028
202,Candy,Troman,ctroman5l@tinypic.com,Plymouth,Roadrunner,1969,64593
203,Ardath,Pigott,apigott5m@liveinternet.ru,Holden,VS Commodore,1997,18534
204,Tawsha,Pietzke,tpietzke5n@disqus.com,GMC,Suburban 2500,1998,9044
205,Bancroft,Ubank,bubank5o@tripadvisor.com,Pontiac,Firebird Formula,1999,90693
206,Kanya,Evemy,kevemy5p@youtube.com,Hyundai,Santa Fe,2007,86776
207,Tracy,Poyser,tpoyser5q@booking.com,Toyota,Land Cruiser,1996,24132
208,Riobard,Shadrack,rshadrack5r@google.cn,Acura,Integra,1992,1417
209,Rod,Olesen,rolesen5s@nps.gov,Acura,RL,2003,29833
210,Lenora,MacDougall,lmacdougall5t@csmonitor.com,Ford,Focus,2001,75931
211,Ulysses,Stockill,ustockill5u@usgs.gov,Audi,A8,2002,91422
212,Cissy,Leggen,cleggen5v@nymag.com,Ford,Taurus,2011,67602
213,Bendite,MacFaul,bmacfaul5w@moonfruit.com,GMC,Savana 2500,1998,34945
214,Essa,Culshew,eculshew5x@netscape.com,Dodge,Ram 2500,2010,40191
215,Montgomery,Jerzak,mjerzak5y@smugmug.com,Porsche,Cayenne,2013,65547
216,Camella,Pillington,cpillington5z@cbsnews.com,Land Rover,Range Rover,1994,96811
217,Any,Woolf,awoolf60@unblog.fr,Kia,Mentor,1997,99633
218,Cordey,Dimmick,cdimmick61@irs.gov,Subaru,B9 Tribeca,2006,82713
219,Mikey,Billing,mbilling62@google.pl,Ford,Focus,2010,92964
220,Rheba,Roft,rroft63@issuu.com,Ford,F-Series Super Duty,2009,91105
221,Travus,Proudlove,tproudlove64@globo.com,Audi,S4,2008,49043
222,Rivy,Gwyther,rgwyther65@yelp.com,Suzuki,Grand Vitara,2002,99053
223,Ardath,Atto,aatto66@deviantart.com,Hyundai,Accent,2011,79621
224,Worden,Brizland,wbrizland67@artisteer.com,Volvo,S40,2003,15059
225,Erhard,Nijssen,enijssen68@123-reg.co.uk,Oldsmobile,Ciera,1995,66783
226,Layne,Beadell,lbeadell69@a8.net,Hyundai,Elantra,2006,34681
227,Nilson,Ulyatt,nulyatt6a@google.co.uk,Mercedes-Benz,SL-Class,1999,80424
228,Felix,Marsland,fmarsland6b@shareasale.com,Kia,Optima,2008,72491
229,Nollie,Woolland,nwoolland6c@sciencedaily.com,Isuzu,i-Series,2006,11416
230,Rabbi,Marflitt,rmarflitt6d@google.fr,Jaguar,S-Type,2003,10362
231,Cirilo,Targe,ctarge6e@mozilla.com,Lincoln,Mark LT,2008,43238
232,Carlie,Cheel,ccheel6f@baidu.com,Eagle,Talon,1995,10635
233,Gallard,Benson,gbenson6g@huffingtonpost.com,Ford,Flex,2012,65533
234,Dewitt,Wollrauch,dwollrauch6h@nytimes.com,Mazda,B-Series Plus,2001,65272
235,Morley,Bywaters,mbywaters6i@huffingtonpost.com,Audi,A8,2010,5621
236,Olag,Fowlston,ofowlston6j@quantcast.com,Chrysler,Pacifica,2004,17186
237,Hakim,Casero,hcasero6k@tiny.cc,Aston Martin,DB9,2006,15049
238,Spenser,Rowntree,srowntree6l@pagesperso-orange.fr,Nissan,Altima,2004,15519
239,Hollie,Greenly,hgreenly6m@fda.gov,Saab,9-5,2007,57731
240,Dew,Lawdham,dlawdham6n@businessweek.com,Lincoln,MKT,2011,59274
241,Hollie,Boorman,hboorman6o@fastcompany.com,Ford,Edge,2011,33370
242,Brand,Borlease,bborlease6p@stanford.edu,Saturn,Sky,2009,64922
243,Concettina,Bartels-Ellis,cbartelsellis6q@histats.com,Land Rover,Range Rover,2009,72641
244,Corina,O'Kenny,cokenny6r@guardian.co.uk,Mercedes-Benz,SL-Class,1994,42680
245,Anastassia,Loos,aloos6s@narod.ru,Honda,Insight,2011,45243
246,Lesya,Arnaudi,larnaudi6t@psu.edu,Subaru,Legacy,1996,53306
247,Sissie,Whetton,swhetton6u@bloomberg.com,Chevrolet,Suburban 1500,2010,41760
248,Selig,Tonepohl,stonepohl6v@google.de,Buick,Riviera,1979,49572
249,Lynn,Alan,lalan6w@boston.com,Toyota,Celica,1984,48524
250,Mychal,Sposito,msposito6x@google.fr,Ford,Mustang,1990,76545
251,Shannan,Scathard,sscathard6y@walmart.com,Dodge,Dakota,2005,91024
252,Nannie,Hryniewicki,nhryniewicki6z@yellowbook.com,Hyundai,Elantra,1999,43889
253,Gwenneth,Coster,gcoster70@exblog.jp,Pontiac,Trans Sport,1995,63198
254,Flem,Chable,fchable71@patch.com,Pontiac,Grand Am,1989,91669
255,Rafaello,Carhart,rcarhart72@aboutads.info,Subaru,Forester,2006,57609
256,Celestine,Millimoe,cmillimoe73@ameblo.jp,Pontiac,Montana SV6,2006,11151
257,Emlyn,Palethorpe,epalethorpe74@infoseek.co.jp,BMW,3 Series,2008,70464
258,Elroy,Lowings,elowings75@hostgator.com,Mercury,Grand Marquis,2008,4199
259,Virginie,Di Carli,vdicarli76@webmd.com,Nissan,Altima,2005,24496
260,Esmaria,Topper,etopper77@blinklist.com,Pontiac,Parisienne,1984,67039
261,Danell,Gino,dgino78@forbes.com,Isuzu,Rodeo Sport,2001,53517
262,Norry,Briatt,nbriatt79@wikispaces.com,Mazda,B-Series,1987,44458
263,Debee,Swindell,dswindell7a@china.com.cn,Mercury,Grand Marquis,1996,21021
264,Bertina,Roo,broo7b@unc.edu,Nissan,JUKE,2012,91663
265,Dode,Shyre,dshyre7c@npr.org,Ford,Club Wagon,1998,72734
266,Gabi,O'Hickey,gohickey7d@comsenz.com,Honda,Accord,2009,30785
267,Niko,Po,npo7e@freewebs.com,Volkswagen,Touareg,2008,24170
268,Roxine,Lott,rlott7f@newyorker.com,Subaru,Legacy,1996,54684
269,Dina,Tester,dtester7g@cbc.ca,Chevrolet,Corvette,1962,1011
270,Rriocard,Dadge,rdadge7h@apache.org,Land Rover,LR3,2008,37504
271,Daryle,Colegate,dcolegate7i@zimbio.com,Mazda,MPV,1990,81290
272,Shelia,Copestake,scopestake7j@123-reg.co.uk,Lexus,LS,2000,81012
273,Angelico,Stanyan,astanyan7k@booking.com,Chevrolet,Bel Air,1967,35104
274,Madge,Klampk,mklampk7l@prnewswire.com,GMC,Sierra 3500,2003,94941
275,Berti,Bloodworth,bbloodworth7m@wunderground.com,Land Rover,Discovery,2002,27696
276,Olivie,Fretson,ofretson7n@dot.gov,Buick,Riviera,1988,68698
277,Ruy,Warde,rwarde7o@wordpress.com,Kia,Spectra,2000,7992
278,Cleavland,Jiracek,cjiracek7p@blinklist.com,Toyota,Camry,2005,86516
279,Giulia,Hayter,ghayter7q@weebly.com,Mazda,B-Series,1994,60791
280,Claiborne,Pedwell,cpedwell7r@addtoany.com,Chevrolet,Suburban 2500,2002,44181
281,Shayne,Franks,sfranks7s@bluehost.com,Toyota,Echo,2003,12662
282,Reidar,Marrow,rmarrow7t@macromedia.com,Volvo,850,1996,29676
283,Finlay,Rolse,frolse7u@washingtonpost.com,Chevrolet,Cruze,2013,9774
284,Kaylil,Flew,kflew7v@nps.gov,Mazda,Miata MX-5,2002,39889
285,Elsey,Preuvost,epreuvost7w@state.gov,Saab,900,1995,52099
286,Regan,Hancke,rhancke7x@wufoo.com,Mercury,Cougar,1969,78814
287,Brandi,Heugel,bheugel7y@hhs.gov,Honda,Element,2005,3046
288,Hallsy,Carrane,hcarrane7z@eepurl.com,Suzuki,Grand Vitara,2009,14542
289,Ryley,Spurrior,rspurrior80@microsoft.com,BMW,5 Series,2002,81963
290,Kristel,Straw,kstraw81@mayoclinic.com,Mercedes-Benz,C-Class,1996,9832
291,Anissa,Orknay,aorknay82@merriam-webster.com,Chevrolet,G-Series G20,1994,87405
292,Magda,Rival,mrival83@rediff.com,Studebaker,Avanti,1962,47216
293,Bibi,Sneezum,bsneezum84@forbes.com,Eagle,Talon,1993,33039
294,Ikey,Rouby,irouby85@businessweek.com,BMW,3 Series,2012,36617
295,Aigneis,Scaplehorn,ascaplehorn86@indiatimes.com,Acura,RDX,2008,61476
296,Nessy,Folomin,nfolomin87@mozilla.com,Ram,C/V,2012,48951
297,Pace,Smeuin,psmeuin88@squarespace.com,Ford,Explorer,1994,15862
298,Garfield,Dye,gdye89@flavors.me,Ford,E250,2009,99541
299,Kristopher,Aubri,kaubri8a@columbia.edu,Lexus,LS,1993,44770
300,Urbain,MacAdam,umacadam8b@uol.com.br,Ford,Bronco II,1984,61109
301,Lynette,Mahedy,lmahedy8c@ning.com,Subaru,Forester,2001,89373
302,Warde,Kowalski,wkowalski8d@state.tx.us,Ferrari,F430,2006,88622
303,August,Persence,apersence8e@dot.gov,Infiniti,I,1998,68516
304,Sander,Pidcock,spidcock8f@sitemeter.com,Nissan,GT-R,2012,45708
305,Jose,Carnew,jcarnew8g@miibeian.gov.cn,Buick,LeSabre,1988,78112
306,Kinny,Biernacki,kbiernacki8h@unc.edu,Dodge,Ram Van 3500,2003,40733
307,Lida,Shallcross,lshallcross8i@yahoo.co.jp,Volkswagen,Tiguan,2009,70251
308,Vittorio,Gardner,vgardner8j@psu.edu,Toyota,MR2,1986,19866
309,Theadora,Betteson,tbetteson8k@ehow.com,Mitsubishi,Mighty Max,1994,34110
310,Carissa,Malpass,cmalpass8l@spiegel.de,Toyota,Prius v,2012,72513
311,Alane,Goneau,agoneau8m@gnu.org,Honda,S2000,2009,70953
312,Gradey,Yesenin,gyesenin8n@webnode.com,Dodge,Magnum,2005,97222
313,Immanuel,Romaynes,iromaynes8o@shareasale.com,Lexus,HS,2012,53629
314,Ileana,Adame,iadame8p@jugem.jp,Subaru,Tribeca,2009,97794
315,Niels,Daingerfield,ndaingerfield8q@dedecms.com,GMC,Envoy,2002,10623
316,Erda,Ingram,eingram8r@wikia.com,Toyota,Supra,1992,74577
317,Stella,Howen,showen8s@usda.gov,Daihatsu,Charade,1992,30001
318,Nessie,Isack,nisack8t@google.ru,Volkswagen,Scirocco,1987,21080
319,Daniel,Perrelle,dperrelle8u@posterous.com,MINI,Clubman,2011,46964
320,Stacy,Bygraves,sbygraves8v@godaddy.com,Chevrolet,Express 1500,1999,61969
321,Gerick,Curling,gcurling8w@cdc.gov,Lexus,RX,2000,88085
322,Juliet,MacAlpin,jmacalpin8x@t.co,Ford,EXP,1985,38904
323,Florie,Bisatt,fbisatt8y@europa.eu,Ford,F-250 Super Duty,2006,82516
324,Jerry,Guy,jguy8z@squidoo.com,Suzuki,XL7,2009,91350
325,Joete,Dinsale,jdinsale90@nba.com,Mazda,B-Series,1989,68289
326,Tanhya,Proffitt,tproffitt91@mail.ru,Mitsubishi,Montero Sport,2002,94775
327,Webb,Jerok,wjerok92@adobe.com,Toyota,Tacoma,1996,28760
328,Vin,Appleby,vappleby93@globo.com,Lexus,IS F,2008,56106
329,Harp,Laverack,hlaverack94@uol.com.br,Infiniti,G,2000,28904
330,Simmonds,Hartles,shartles95@wsj.com,Mitsubishi,Space,1984,64565
331,Vitia,Duckwith,vduckwith96@bravesites.com,Mazda,929,1989,80290
332,Auria,Primmer,aprimmer97@slashdot.org,Daewoo,Nubira,2001,40620
333,Amble,Stickney,astickney98@wiley.com,Subaru,SVX,1992,98095
334,Kerrin,Issatt,kissatt99@economist.com,Mercedes-Benz,SL-Class,1987,29531
335,Raffaello,Thyer,rthyer9a@bloomberg.com,Toyota,4Runner,1999,70462
336,Saloma,Gaitskell,sgaitskell9b@tuttocitta.it,Chevrolet,Astro,1999,83055
337,Urbanus,Willars,uwillars9c@harvard.edu,Saab,9000,1998,20391
338,Candie,Tevlin,ctevlin9d@sina.com.cn,Audi,TT,2004,12815
339,Adorne,Beville,abeville9e@answers.com,Toyota,Tundra,2010,85794
340,Anabelle,Brood,abrood9f@blog.com,Subaru,Alcyone SVX,1993,2516
341,Nolan,Newlan,nnewlan9g@phoca.cz,Bentley,Continental GT,2008,6726
342,Kendrick,Faulds,kfaulds9h@google.ru,Infiniti,Q,2006,5657
343,Roderic,Lermouth,rlermouth9i@bluehost.com,Ford,Mustang,1971,70449
344,Korella,Chifney,kchifney9j@usnews.com,Volkswagen,Jetta,1994,30531
345,Datha,Aldersea,daldersea9k@cafepress.com,BMW,1 Series,2012,61625
346,Desi,Gilyott,dgilyott9l@indiegogo.com,Mitsubishi,GTO,1992,95495
347,Bibbie,Veljes,bveljes9m@multiply.com,Chevrolet,Corvette,1978,41945
348,Gannon,Boodle,gboodle9n@gmpg.org,Lincoln,Continental,1991,79311
349,Minnie,Harrad,mharrad9o@homestead.com,GMC,Safari,2000,64792
350,Lewie,Meiklem,lmeiklem9p@netvibes.com,Dodge,Challenger,2011,62902
351,Elbert,Bamborough,ebamborough9q@eepurl.com,Mitsubishi,Galant,2008,18834
352,Reagan,Mendes,rmendes9r@gmpg.org,Cadillac,CTS-V,2012,53180
353,Jaynell,Kerrane,jkerrane9s@chron.com,GMC,Yukon,2010,38030
354,Ealasaid,Cordeau],ecordeau9t@oakley.com,Subaru,Impreza,2005,38308
355,Ardelia,Crumley,acrumley9u@google.it,Aston Martin,V12 Vantage,2012,11490
356,Eldon,Roderighi,eroderighi9v@cdbaby.com,Chevrolet,Venture,1999,52443
357,Nevsa,Pizey,npizey9w@illinois.edu,Porsche,911,2005,40272
358,Tobe,Adess,tadess9x@princeton.edu,Porsche,Cayenne,2012,90525
359,Kaycee,Watts,kwatts9y@yellowbook.com,Pontiac,Montana SV6,2006,23549
360,Northrup,Axworthy,naxworthy9z@google.fr,Subaru,XT,1987,95857
361,Bat,Benny,bbennya0@acquirethisname.com,Aptera,Typ-1,2008,13042
362,Ambrosio,Dytham,adythama1@github.com,Subaru,Brat,1987,37404
363,Alfie,Shanahan,ashanahana2@icio.us,Chevrolet,Corvette,2002,1236
364,Hildegarde,Paxeford,hpaxeforda3@un.org,Mitsubishi,GTO,1990,40771
365,Davine,Monks,dmonksa4@instagram.com,Volvo,V50,2009,88368
366,Trix,Pepi,tpepia5@dion.ne.jp,Plymouth,Horizon,1978,46540
367,Dallas,Kuhnhardt,dkuhnhardta6@abc.net.au,Suzuki,Grand Vitara,2012,1781
368,Marty,Becke,mbeckea7@webnode.com,Ford,F350,2003,56132
369,Lenee,Yakubowicz,lyakubowicza8@cpanel.net,Chevrolet,2500,1997,79852
370,Aggy,Checcucci,acheccuccia9@huffingtonpost.com,BMW,525,2005,58401
371,Janene,Cumberledge,jcumberledgeaa@biblegateway.com,Lincoln,Navigator,2001,33032
372,Martha,Savins,msavinsab@google.co.jp,Saturn,Outlook,2008,40170
373,Martina,Hens,mhensac@tuttocitta.it,Mitsubishi,Diamante,1992,69194
374,Euphemia,MacCracken,emaccrackenad@dell.com,Honda,CR-V,2010,57925
375,Erastus,Feckey,efeckeyae@joomla.org,Chevrolet,Beretta,1994,24522
376,Cordi,Pessel,cpesselaf@oakley.com,Toyota,FJ Cruiser,2011,89797
377,Grete,Dulwitch,gdulwitchag@vkontakte.ru,Chevrolet,Caprice,1996,1359
378,Dallis,Frere,dfrereah@vk.com,Volvo,V70,2000,80907
379,Harri,Edger,hedgerai@illinois.edu,Toyota,TundraMax,2008,55548
380,Poppy,Brogan,pbroganaj@live.com,Toyota,4Runner,2009,89123
381,Valencia,Templman,vtemplmanak@ted.com,BMW,M3,2001,52239
382,Rance,Chamberlen,rchamberlenal@infoseek.co.jp,Porsche,Cayenne,2010,40770
383,Deirdre,Denington,ddeningtonam@t-online.de,Audi,A4,2001,53683
384,Tamarra,Corck,tcorckan@jalbum.net,Hyundai,Sonata,2011,62249
385,Jolyn,MacGillivray,jmacgillivrayao@hhs.gov,Acura,TL,2000,80979
386,Olin,Whaplington,owhaplingtonap@networksolutions.com,Dodge,Dakota Club,2002,56915
387,Raquela,Siggin,rsigginaq@springer.com,Isuzu,VehiCROSS,2001,85348
388,Lemar,Cuzen,lcuzenar@digg.com,Mercury,Tracer,1996,47609
389,Goldina,Cogley,gcogleyas@hud.gov,Saturn,L-Series,2001,12058
390,Jeana,Merrick,jmerrickat@sina.com.cn,Audi,riolet,1994,40879
391,Kimbra,McCann,kmccannau@tinypic.com,Volkswagen,Passat,1992,69741
392,Gilemette,Bariball,gbariballav@baidu.com,Chevrolet,Prizm,2002,76449
393,Henry,Acom,hacomaw@live.com,Chevrolet,Caprice,1996,25159
394,Elsworth,Rowlstone,erowlstoneax@ftc.gov,Mitsubishi,Eclipse,2003,25267
395,Felipe,Ludwig,fludwigay@sina.com.cn,Kia,Rio,2007,59766
396,Harper,Pessold,hpessoldaz@omniture.com,Chevrolet,Silverado 2500,2005,65371
397,Osbourn,Cady,ocadyb0@cmu.edu,Subaru,Forester,1998,31299
398,Bunnie,Willmott,bwillmottb1@telegraph.co.uk,Lotus,Esprit,1996,34647
399,Julius,Minogue,jminogueb2@europa.eu,Saab,900,1991,75241
400,Guthry,Petherick,gpetherickb3@photobucket.com,Toyota,Tacoma,1999,38539
401,Abba,Poone,apooneb4@wp.com,Aston Martin,DB9,2008,31612
402,Welbie,Pavyer,wpavyerb5@bbc.co.uk,Mitsubishi,Lancer Evolution,2003,69132
403,Helena,Bellelli,hbellellib6@mysql.com,Ford,Escape,2006,1213
404,Robb,Nice,rniceb7@tumblr.com,Toyota,4Runner,2006,2219
405,Padget,Causbey,pcausbeyb8@wp.com,Subaru,Impreza,2000,17774
406,Gaylene,Tewnion,gtewnionb9@w3.org,Chevrolet,Cobalt SS,2008,1334
407,Gaspard,Winchcomb,gwinchcombba@google.ca,Ford,Ranger,1986,43710
408,Granny,Cocke,gcockebb@squidoo.com,Mercedes-Benz,C-Class,1998,43884
409,Teddie,Glason,tglasonbc@businessinsider.com,Isuzu,VehiCROSS,2001,14200
410,Hyacintha,Carnduff,hcarnduffbd@newyorker.com,GMC,Yukon XL 2500,2012,41237
411,Dallas,Dillingstone,ddillingstonebe@businessweek.com,Chevrolet,Tahoe,2004,19266
412,Jaquelyn,O'Donoghue,jodonoghuebf@slashdot.org,Eagle,Talon,1998,75519
413,Lorry,Longea,llongeabg@sfgate.com,Toyota,Echo,2001,41165
414,Kylila,Warkup,kwarkupbh@imageshack.us,GMC,Sierra 3500,2000,49853
415,Berry,Older,bolderbi@ow.ly,Suzuki,Swift,1998,85008
416,Christian,Bunclark,cbunclarkbj@pen.io,Suzuki,Samurai,1995,74772
417,Leif,de Grey,ldegreybk@netscape.com,Porsche,Panamera,2012,6460
418,Ellyn,Oswald,eoswaldbl@loc.gov,Ford,Tempo,1993,85477
419,Andrew,Yitzovitz,ayitzovitzbm@fema.gov,Honda,CR-Z,2011,78612
420,Davide,Stathers,dstathersbn@noaa.gov,Mazda,Protege,2002,55285
421,Gabriel,Islep,gislepbo@diigo.com,GMC,Yukon XL 1500,2004,93597
422,Milli,Kegley,mkegleybp@live.com,Chevrolet,K5 Blazer,1995,34840
423,Benjie,Gulland,bgullandbq@nyu.edu,Ford,GT500,2007,5147
424,Wini,Greensall,wgreensallbr@nps.gov,Buick,LaCrosse,2012,8466
425,Gunner,Baldree,gbaldreebs@springer.com,Land Rover,Range Rover Sport,2007,87516
426,Dari,De Ruggiero,dderuggierobt@boston.com,Chevrolet,Bel Air,1967,83465
427,Maye,Mirfield,mmirfieldbu@toplist.cz,Mercury,Tracer,1997,7205
428,Ronna,McMorland,rmcmorlandbv@reference.com,Chevrolet,Avalanche,2011,59073
429,Tonya,Cammish,tcammishbw@walmart.com,Buick,Skylark,1995,23971
430,Osgood,Labone,olabonebx@4shared.com,Volkswagen,Cabriolet,1995,13250
431,Anallise,Ranscombe,aranscombeby@unesco.org,Buick,Skyhawk,1985,44167
432,Gabie,Skurray,gskurraybz@intel.com,Ford,Taurus,1992,4544
433,Kathi,Epinoy,kepinoyc0@ebay.co.uk,Mazda,B-Series Plus,2000,3033
434,Ariela,Iwanowski,aiwanowskic1@furl.net,Chevrolet,G-Series G20,1992,22512
435,Carey,De Benedetti,cdebenedettic2@myspace.com,Hyundai,Sonata,2002,94697
436,Riane,Rozenbaum,rrozenbaumc3@godaddy.com,Pontiac,Montana,2000,65515
437,Shandy,Theml,sthemlc4@twitpic.com,Honda,Accord,1991,89594
438,Cariotta,Masse,cmassec5@theatlantic.com,Audi,90,1988,63598
439,Hamnet,Doodney,hdoodneyc6@trellian.com,Kia,Spectra,2001,85413
440,Latia,Bister,lbisterc7@fc2.com,Pontiac,LeMans,1968,33582
441,Helena,Emlyn,hemlync8@ycombinator.com,Lexus,RX,2001,42045
442,Wynn,Mengo,wmengoc9@army.mil,Ford,Ranger,1999,53261
443,Rosette,Chaffey,rchaffeyca@hexun.com,Buick,Electra,1986,40115
444,Lorrie,Chesson,lchessoncb@slashdot.org,Mercury,Grand Marquis,1986,22668
445,Edi,Seckington,eseckingtoncc@indiatimes.com,Acura,NSX,2003,20055
446,Buffy,Dysart,bdysartcd@goo.ne.jp,Mercedes-Benz,C-Class,1996,1894
447,Dorothy,McPhaden,dmcphadence@dion.ne.jp,Chevrolet,Colorado,2009,97815
448,Frasier,Marsland,fmarslandcf@infoseek.co.jp,Plymouth,Grand Voyager,1994,87425
449,Andreas,Stanistrete,astanistretecg@freewebs.com,Dodge,Viper,1992,14930
450,Milton,Cootes,mcootesch@forbes.com,Lotus,Esprit,1990,98645
451,Wanids,Mendoza,wmendozaci@youtu.be,Dodge,Ram 1500,2003,88013
452,Aymer,Zelland,azellandcj@springer.com,Chevrolet,Suburban 2500,2001,27943
453,Palmer,Leppingwell,pleppingwellck@baidu.com,Porsche,911,1987,42166
454,Preston,Shivlin,pshivlincl@netlog.com,Lexus,IS F,2009,29485
455,Nathan,Dashper,ndashpercm@telegraph.co.uk,Mazda,MX-6,1988,78711
456,Kimberlyn,Theobalds,ktheobaldscn@theatlantic.com,Mercedes-Benz,SLK-Class,2001,14592
457,Ebeneser,Teasdale,eteasdaleco@businessweek.com,Chevrolet,Tracker,2000,80763
458,Dina,Thaller,dthallercp@ucoz.com,Pontiac,Aztek,2001,40019
459,Alicia,Simkovich,asimkovichcq@soundcloud.com,Pontiac,Sunbird,1994,93470
460,Florencia,Pressey,fpresseycr@nba.com,Chevrolet,G-Series 1500,1996,46532
461,Wenona,Reyson,wreysoncs@domainmarket.com,Chevrolet,Express 1500,2004,79369
462,Tabitha,Gubbin,tgubbinct@ucoz.com,Ferrari,F430,2006,31066
463,Phillis,Franscioni,pfranscionicu@spiegel.de,Porsche,Boxster,2012,47899
464,Mandy,Overland,moverlandcv@walmart.com,Dodge,Intrepid,2002,98863
465,Kendell,Anstice,kansticecw@miitbeian.gov.cn,Toyota,Sienna,2011,37437
466,Peggy,Genever,pgenevercx@eventbrite.com,Acura,CL,1998,13292
467,Matthaeus,Jillins,mjillinscy@hao123.com,Lamborghini,Diablo,1999,96154
468,Poul,Tosspell,ptosspellcz@theatlantic.com,GMC,Yukon XL 1500,2003,64441
469,Redd,Soames,rsoamesd0@ow.ly,Dodge,Ram 1500,2000,70386
470,Kailey,Iori,kiorid1@people.com.cn,Saturn,S-Series,1996,5853
471,Royall,Fuxman,rfuxmand2@ask.com,Volkswagen,Jetta III,1993,8716
472,Shaun,Toohey,stooheyd3@dropbox.com,Chrysler,Sebring,1997,74326
473,Sherrie,Gammie,sgammied4@europa.eu,Mitsubishi,Tredia,1984,59623
474,Wanids,Lyard,wlyardd5@webnode.com,Audi,Allroad,2002,37286
475,Husein,Dinzey,hdinzeyd6@weather.com,Toyota,Matrix,2006,41772
476,Daryn,Wych,dwychd7@cloudflare.com,MINI,Cooper,2010,76081
477,Rosmunda,Comelli,rcomellid8@europa.eu,Acura,MDX,2002,47310
478,Franny,Lipgens,flipgensd9@ifeng.com,Toyota,Prius,2009,46841
479,Noland,Oldham,noldhamda@indiegogo.com,Ford,F-Series Super Duty,2008,29671
480,Catina,Errichelli,cerrichellidb@fc2.com,Lincoln,Navigator,2002,38688
481,Betty,Rankling,branklingdc@twitter.com,Honda,Civic Si,2003,90031
482,Deonne,Fairfoot,dfairfootdd@hubpages.com,GMC,Envoy XL,2005,52204
483,Ozzie,Queree,oquereede@amazon.com,Nissan,Xterra,2009,6456
484,Lynna,MacKnight,lmacknightdf@dyndns.org,Infiniti,M,2011,73169
485,Andriana,Brambill,abrambilldg@loc.gov,Mercedes-Benz,300TE,1992,31891
486,Clay,Rosencwaig,crosencwaigdh@yahoo.com,Toyota,MR2,2003,74180
487,Bessie,Sorrie,bsorriedi@discuz.net,BMW,X3,2012,55612
488,Cal,Alexandersson,calexanderssondj@usda.gov,Mercury,Sable,1997,3257
489,Fredi,Bousfield,fbousfielddk@spiegel.de,GMC,Savana 1500,2003,75255
490,Vivien,Coonan,vcoonandl@w3.org,Dodge,Viper,2001,77248
491,Bren,Corp,bcorpdm@wikispaces.com,Cadillac,Eldorado,1997,69736
492,Gilbert,Di Claudio,gdiclaudiodn@jiathis.com,Ford,Ranger,2011,40873
493,Laney,Ciccerale,lcicceraledo@cyberchimps.com,Ford,Ranger,1990,31850
494,Dorthea,Van Der Vlies,dvandervliesdp@smugmug.com,Acura,RSX,2006,43189
495,Gena,Kingston,gkingstondq@gmpg.org,Honda,CR-V,2011,40942
496,Zia,Purrington,zpurringtondr@ycombinator.com,Aston Martin,DB9,2010,37803
497,Fax,Kornyakov,fkornyakovds@vkontakte.ru,Acura,MDX,2011,33214
498,Morris,Southcott,msouthcottdt@washington.edu,Toyota,RAV4,2009,85656
499,Dominique,Gadson,dgadsondu@examiner.com,Cadillac,Escalade,2009,36672
500,Doti,Seathwright,dseathwrightdv@examiner.com,Honda,S2000,2007,65457
501,Agneta,Rosenbush,arosenbushdw@pbs.org,Ford,E-Series,1991,36716
502,Matt,Rudham,mrudhamdx@zdnet.com,Buick,Regal,2004,39611
503,Prinz,Durward,pdurwarddy@uol.com.br,Chrysler,Concorde,1998,2610
504,Melody,Lusk,mluskdz@issuu.com,Infiniti,FX,2007,14561
505,Burl,Emms,bemmse0@census.gov,Spyker,C8,2006,11499
506,Odo,McPhail,omcphaile1@huffingtonpost.com,Mercedes-Benz,E-Class,2005,8971
507,Isidro,Firk,ifirke2@ed.gov,Nissan,Versa,2009,70830
508,Coral,Anker,cankere3@spotify.com,Ford,F-Series,1994,81248
509,Penn,Drakard,pdrakarde4@usgs.gov,Lexus,IS-F,2012,74725
510,Petrina,Plant,pplante5@twitter.com,Infiniti,G25,2012,5748
511,Horten,Rapport,hrapporte6@reference.com,Acura,TSX,2004,62470
512,Packston,Bartleet,pbartleete7@qq.com,Mazda,B2500,2001,97489
513,Bar,Fackney,bfackneye8@theguardian.com,Mazda,B-Series,2004,39230
514,Clarisse,Coysh,ccoyshe9@so-net.ne.jp,Honda,Element,2009,46912
515,Klarika,Lynnitt,klynnittea@google.de,Mitsubishi,Precis,1994,24405
516,Winfred,Saddler,wsaddlereb@earthlink.net,Chevrolet,Malibu,2011,92657
517,Aurore,McGrah,amcgrahec@nps.gov,Mitsubishi,Galant,2012,2816
518,Leesa,Whithalgh,lwhithalghed@tamu.edu,Subaru,Legacy,2008,91241
519,Robin,Finlaison,rfinlaisonee@weibo.com,Nissan,370Z,2011,3496
520,Hoebart,Creek,hcreekef@wordpress.org,Chevrolet,TrailBlazer,2004,65132
521,Westbrook,McGilleghole,wmcgillegholeeg@123-reg.co.uk,Land Rover,Range Rover,2003,94389
522,Duncan,Ratt,dratteh@netscape.com,Subaru,Legacy,2000,67236
523,Karlee,Dozdill,kdozdillei@nasa.gov,Peugeot,207,2007,65988
524,Kristy,Willsmore,kwillsmoreej@amazon.de,Mazda,B-Series Plus,1994,9971
525,Hannie,Sparrowe,hsparroweek@economist.com,Mitsubishi,Endeavor,2007,61634
526,Betteann,Poplee,bpopleeel@plala.or.jp,Jaguar,X-Type,2005,72952
527,Kara,Belsher,kbelsherem@ted.com,Volvo,960,1995,19620
528,Mischa,Tellenbrok,mtellenbroken@yelp.com,Lexus,RX Hybrid,2007,98815
529,Lucias,Boorer,lboorereo@aboutads.info,Volkswagen,Golf,1984,96054
530,Mada,Gurney,mgurneyep@acquirethisname.com,Lexus,GS,2004,7752
531,Sonja,Schrader,sschradereq@walmart.com,Dodge,Ram 3500,2009,90318
532,Steffen,Coughlan,scoughlaner@4shared.com,Ford,Laser,1986,19754
533,Henrik,De Michele,hdemichelees@soup.io,Volkswagen,Eurovan,1992,41834
534,Lawry,Rushe,lrusheet@bloomberg.com,GMC,Jimmy,2000,79947
535,Berty,Udey,budeyeu@census.gov,Ford,Windstar,1998,60218
536,Farah,Hyrons,fhyronsev@sakura.ne.jp,Toyota,Corolla,1995,40211
537,Mohammed,Hulkes,mhulkesew@mapquest.com,Mercury,Cougar,1986,85497
538,Dillon,Swan,dswanex@jalbum.net,Nissan,Xterra,2001,77966
539,Robbyn,Brannan,rbrannaney@squidoo.com,Mazda,B-Series,1996,44137
540,Juieta,Ranscombe,jranscombeez@usgs.gov,GMC,Sierra,2011,90062
541,Guglielma,Pryell,gpryellf0@devhub.com,Acura,RL,2005,30491
542,Rowan,Mousley,rmousleyf1@lycos.com,GMC,1500 Club Coupe,1995,20941
543,Mozelle,Fawbert,mfawbertf2@ihg.com,Ford,ZX2,2003,89479
544,Grange,Bedlington,gbedlingtonf3@hud.gov,Daewoo,Nubira,2002,28488
545,Inger,Plunkett,iplunkettf4@tiny.cc,GMC,Envoy,2006,71995
546,Langston,Pauleit,lpauleitf5@msn.com,Acura,RDX,2008,39330
547,Fredelia,Klimkovich,fklimkovichf6@scientificamerican.com,Chrysler,Concorde,2000,35176
548,Sallyanne,Cassidy,scassidyf7@slate.com,Nissan,Maxima,2001,51364
549,Charlton,Mangan,cmanganf8@netvibes.com,Subaru,Justy,1994,54690
550,Lucretia,Auger,laugerf9@mapy.cz,Dodge,Ram 3500 Club,1996,67324
551,Sabra,Takle,staklefa@toplist.cz,Isuzu,Trooper,1994,27712
552,Elise,Stokey,estokeyfb@imgur.com,Suzuki,Grand Vitara,2001,27283
553,Delmore,St. Quintin,dstquintinfc@squidoo.com,Mitsubishi,Pajero,2006,5752
554,Valentia,Speeding,vspeedingfd@alexa.com,Honda,CR-V,1998,33614
555,Viviene,Sykes,vsykesfe@washington.edu,Mercedes-Benz,SLK-Class,1999,33809
556,Zed,Abdon,zabdonff@eepurl.com,Buick,Rendezvous,2005,80909
557,Leia,Redshaw,lredshawfg@4shared.com,Mazda,626,1991,48001
558,Karon,Votier,kvotierfh@exblog.jp,Cadillac,Catera,2000,58504
559,Celinka,Gwilt,cgwiltfi@goo.gl,Volkswagen,Jetta III,1993,13858
560,Nico,Woolner,nwoolnerfj@vistaprint.com,Chevrolet,Colorado,2005,23896
561,Christabel,Cloney,ccloneyfk@stanford.edu,Hyundai,Elantra,2001,26471
562,Charlie,Henighan,chenighanfl@mapquest.com,Kia,Amanti,2008,57079
563,Sheeree,Pantlin,spantlinfm@about.com,Chevrolet,2500,1996,14829
564,Carleen,Nanson,cnansonfn@ft.com,Mercury,Tracer,1995,77864
565,Web,Eager,weagerfo@google.co.uk,GMC,2500 Club Coupe,1997,92298
566,Kathlin,Chatell,kchatellfp@elegantthemes.com,Pontiac,Sunbird,1989,81772
567,Karol,Abrahart,kabrahartfq@jimdo.com,Ford,Probe,1997,9319
568,Noll,Marsie,nmarsiefr@berkeley.edu,Ford,Escape,2009,55107
569,Danica,Fusco,dfuscofs@cbsnews.com,Mazda,929,1991,21238
570,Neda,Masterton,nmastertonft@unesco.org,Hyundai,Elantra,2012,22082
571,Gleda,Sancraft,gsancraftfu@so-net.ne.jp,Dodge,Viper,2000,67736
572,Dorry,Edmed,dedmedfv@yandex.ru,Volkswagen,Golf,1998,23251
573,Vinita,McGaughey,vmcgaugheyfw@seesaa.net,Chevrolet,Corvette,1973,48818
574,Scott,Carbonell,scarbonellfx@oakley.com,Hummer,H2,2009,80643
575,Pip,Tuke,ptukefy@cbslocal.com,Lincoln,Continental Mark VII,1989,84566
576,Bari,Traice,btraicefz@dedecms.com,Audi,TT,2001,6244
577,Rubi,Seefus,rseefusg0@shutterfly.com,Ford,Econoline E250,1993,73393
578,Terencio,O' Markey,tomarkeyg1@ucoz.ru,Lexus,IS F,2011,74502
579,Lothaire,Burtonshaw,lburtonshawg2@mapy.cz,Chevrolet,Avalanche 1500,2003,52675
580,Phineas,Ropp,proppg3@hc360.com,Dodge,Ram 2500 Club,1996,31711
581,Celle,Nelsey,cnelseyg4@go.com,Scion,tC,2013,20966
582,Elvera,Spencley,espencleyg5@google.es,Studebaker,Avanti,1962,60560
583,Alexandr,Janowski,ajanowskig6@disqus.com,GMC,Yukon XL 2500,2004,53026
584,Merrielle,Lomas,mlomasg7@telegraph.co.uk,Cadillac,Eldorado,2002,42213
585,Florance,Grassett,fgrassettg8@wordpress.org,Cadillac,Escalade EXT,2008,67802
586,Alexis,Belson,abelsong9@whitehouse.gov,Dodge,Aries,1981,47652
587,Jordan,Batchelor,jbatchelorga@uiuc.edu,Mercury,Cougar,1997,27585
588,Dione,Jacques,djacquesgb@4shared.com,Jeep,Compass,2011,19515
589,Jonis,Petronis,jpetronisgc@dailymotion.com,Ford,Contour,1999,26949
590,Rosana,Gibbin,rgibbingd@de.vu,Mercedes-Benz,CL-Class,2008,16381
591,Karisa,Cranke,kcrankege@columbia.edu,Spyker,C8,2007,11053
592,Betty,Rentalll,brentalllgf@ebay.co.uk,Suzuki,X-90,1997,93818
593,Willabella,Esbrook,wesbrookgg@auda.org.au,BMW,Z4,2005,60313
594,Nananne,Hussey,nhusseygh@archive.org,Mitsubishi,Galant,1991,77196
595,Patrizius,Horley,phorleygi@about.com,Dodge,Charger,2011,28861
596,Linet,Loeber,lloebergj@loc.gov,Infiniti,G,2003,29289
597,Robbi,Boord,rboordgk@miibeian.gov.cn,Ford,Festiva,1993,65655
598,Buck,Hedon,bhedongl@engadget.com,Buick,Park Avenue,1994,57703
599,Wilona,Woodbridge,wwoodbridgegm@goo.gl,Audi,5000S,1985,6642
600,Janis,Le Fevre,jlefevregn@engadget.com,Volkswagen,Scirocco,1986,28622
601,Seamus,Bridgett,sbridgettgo@naver.com,Maserati,Karif,1989,51071
602,Chad,Hendrichs,chendrichsgp@virginia.edu,Oldsmobile,Silhouette,1996,87680
603,Katey,Roose,kroosegq@elegantthemes.com,Isuzu,Amigo,1999,52972
604,Delilah,Mecchi,dmecchigr@linkedin.com,Mitsubishi,Truck,1988,38614
605,Myrvyn,Pavier,mpaviergs@typepad.com,Honda,Civic,1985,69164
606,Raeann,Exrol,rexrolgt@cisco.com,Mitsubishi,Challenger,2002,85269
607,Teresina,Byrth,tbyrthgu@eventbrite.com,Mercedes-Benz,CLK-Class,2002,15913
608,Jerome,Keeting,jkeetinggv@blogger.com,Buick,Century,1987,70421
609,Evelyn,Heenan,eheenangw@mit.edu,Lexus,SC,1993,75806
610,Kelley,Caldayrou,kcaldayrougx@umn.edu,Ford,F-Series Super Duty,2012,20906
611,Bernete,Horribine,bhorribinegy@i2i.jp,Ford,Ranger,1995,7798
612,Greg,Sheara,gshearagz@wordpress.org,Mazda,MPV,2006,55219
613,Rivi,Tubridy,rtubridyh0@dell.com,Honda,Accord,1993,49679
614,Alvan,Cumpsty,acumpstyh1@earthlink.net,Chevrolet,Suburban 1500,2000,88192
615,Lane,Copley,lcopleyh2@pen.io,Mercedes-Benz,GL-Class,2012,36931
616,Malynda,Bunten,mbuntenh3@deviantart.com,Volvo,C30,2009,48961
617,Oby,Klais,oklaish4@nasa.gov,Audi,S4,1992,19713
618,Cirilo,Sanbrook,csanbrookh5@guardian.co.uk,Maybach,57,2008,28019
619,Ara,Torrejon,atorrejonh6@shinystat.com,Mercedes-Benz,W201,1993,72087
620,Brett,Jessop,bjessoph7@creativecommons.org,Dodge,Neon,1999,93290
621,Sig,Brookfield,sbrookfieldh8@devhub.com,Toyota,Celica,1993,79596
622,Cecilio,McVitie,cmcvitieh9@globo.com,Dodge,D150 Club,1993,13680
623,Rosabelle,Kliner,rklinerha@mozilla.org,Chevrolet,3500,1997,1447
624,Neron,Coveney,ncoveneyhb@dion.ne.jp,Lexus,RX,2005,44215
625,Palm,Iacovucci,piacovuccihc@blinklist.com,Suzuki,SJ,1990,15513
626,Keelby,Goulstone,kgoulstonehd@so-net.ne.jp,Porsche,944,1990,51083
627,Jeffy,Harroll,jharrollhe@list-manage.com,Subaru,Legacy,1989,51504
628,Dominica,Hake,dhakehf@creativecommons.org,Volkswagen,Routan,2012,74609
629,Web,Early,wearlyhg@unicef.org,Lincoln,Navigator,2008,69376
630,Inger,McCotter,imccotterhh@chronoengine.com,Subaru,Forester,2004,90540
631,Kattie,Reeday,kreedayhi@edublogs.org,Mercedes-Benz,E-Class,2007,37041
632,Kym,Pley,kpleyhj@economist.com,Mazda,MX-5,1997,99113
633,Luci,Averay,laverayhk@columbia.edu,Cadillac,DeVille,1993,18664
634,Clevie,Rust,crusthl@goo.gl,Isuzu,Amigo,1994,39985
635,Brooks,Petrovykh,bpetrovykhhm@google.it,Pontiac,Grand Prix,2000,2866
636,Eli,Grinnell,egrinnellhn@istockphoto.com,Saab,9-3,2003,88034
637,Vikki,McPhate,vmcphateho@com.com,Kia,Carens,2007,50200
638,Shalom,Helmke,shelmkehp@dot.gov,Kia,Sportage,2008,69234
639,Patin,Christou,pchristouhq@booking.com,Audi,200,1989,44511
640,Clywd,Oliver,coliverhr@clickbank.net,Acura,TL,2002,36542
641,Hamlen,Warlawe,hwarlawehs@a8.net,Mitsubishi,Galant,2004,46374
642,Walton,Patsall,wpatsallht@reddit.com,Chevrolet,1500,1996,31990
643,Averell,Farnie,afarniehu@artisteer.com,Chevrolet,Express 1500,1998,65100
644,Kinnie,Pavier,kpavierhv@vistaprint.com,Volkswagen,Beetle,1967,74266
645,Bowie,Riggulsford,briggulsfordhw@hc360.com,Chevrolet,Silverado 1500,2009,56915
646,Gunar,Schole,gscholehx@xrea.com,Audi,TT,2002,89360
647,Georgy,Merdew,gmerdewhy@japanpost.jp,Ford,E150,2011,99450
648,Avrit,Parriss,aparrisshz@shareasale.com,Suzuki,Equator,2010,24757
649,Jolynn,Wilfing,jwilfingi0@storify.com,GMC,Sierra 3500,2004,70688
650,Marybelle,Kruschov,mkruschovi1@illinois.edu,Chevrolet,Monte Carlo,1998,41956
651,Alistair,Edleston,aedlestoni2@wordpress.org,Chevrolet,Suburban 2500,2003,88894
652,Sharla,Vasyushkhin,svasyushkhini3@parallels.com,Buick,Lucerne,2008,37582
653,Garek,Heikkinen,gheikkineni4@pinterest.com,Pontiac,G3,2009,23737
654,Dorice,Ferens,dferensi5@ihg.com,Scion,tC,2008,15403
655,Yancey,Scollan,yscollani6@yandex.ru,Lamborghini,Diablo,1998,4513
656,Herve,Valadez,hvaladezi7@google.co.uk,Mercury,Grand Marquis,2005,58697
657,Serene,Stinchcombe,sstinchcombei8@redcross.org,Subaru,Alcyone SVX,1997,57371
658,Roddy,Hills,rhillsi9@blogspot.com,Chevrolet,Silverado 3500,2002,12245
659,Kingsly,Carluccio,kcarluccioia@unblog.fr,Infiniti,QX,2012,2203
660,Alla,Assard,aassardib@twitpic.com,Mazda,Navajo,1993,3839
661,Aubree,Titterrell,atitterrellic@fc2.com,Cadillac,CTS,2008,77343
662,Nessy,Gantlett,ngantlettid@goo.gl,Ford,Thunderbird,1994,30316
663,Dur,Hatliff,dhatliffie@theglobeandmail.com,Chevrolet,Silverado 3500,2002,45368
664,Conn,Ambrosoli,cambrosoliif@oracle.com,Mazda,MX-5,1996,24478
665,Beverlie,Lent,blentig@cnbc.com,Infiniti,FX,2003,89398
666,Consuela,Carnegie,ccarnegieih@canalblog.com,Audi,S4,2008,24480
667,Robbyn,Pascow,rpascowii@linkedin.com,Bentley,Continental GTC,2010,60830
668,Maximilien,Franken,mfrankenij@vinaora.com,GMC,Sierra 2500,2009,63229
669,Bartholomeus,Jent,bjentik@amazon.com,Cadillac,CTS,2007,96734
670,Brod,Wilshire,bwilshireil@intel.com,Honda,FCX Clarity,2012,3156
671,Marsh,Geddes,mgeddesim@xinhuanet.com,Nissan,Altima,2007,49461
672,Anabal,Scay,ascayin@walmart.com,Hyundai,Elantra,2012,79892
673,Roana,Milnthorpe,rmilnthorpeio@yellowbook.com,Buick,Century,1986,96581
674,Brent,Peyton,bpeytonip@army.mil,Audi,A5,2011,77152
675,Lauren,Ribbon,lribboniq@ebay.com,Mercury,Villager,2002,5873
676,Aprilette,Konke,akonkeir@digg.com,GMC,3500 Club Coupe,1994,95344
677,Devin,Mattiessen,dmattiessenis@sina.com.cn,Lincoln,MKZ,2011,20594
678,Grace,O'Kennavain,gokennavainit@xrea.com,Saturn,VUE,2003,88182
679,Yolane,Girton,ygirtoniu@hc360.com,Acura,TSX,2011,24653
680,Darelle,Trussell,dtrusselliv@google.nl,Pontiac,GTO,1971,65452
681,Cassie,Bartak,cbartakiw@dion.ne.jp,Ford,Fiesta,2011,23236
682,Tamarra,Howard - Gater,thowardgaterix@mtv.com,Lamborghini,Gallardo,2010,66258
683,Evelin,Giacovazzo,egiacovazzoiy@domainmarket.com,Volkswagen,GLI,2008,46781
684,Thomasa,Wrigley,twrigleyiz@barnesandnoble.com,Honda,Passport,1995,31485
685,Ashla,Zimek,azimekj0@shop-pro.jp,Mitsubishi,Eclipse,1996,49597
686,Kenna,Scneider,kscneiderj1@nasa.gov,Mitsubishi,Lancer,2001,32880
687,Odilia,Corpe,ocorpej2@epa.gov,Chevrolet,2500,1997,32179
688,Dudley,Totton,dtottonj3@engadget.com,Honda,Civic,2000,79847
689,Ford,Philp,fphilpj4@blogger.com,Mazda,Protege,2002,15406
690,Caterina,Gilhouley,cgilhouleyj5@forbes.com,Plymouth,Acclaim,1994,47124
691,Filip,Bossom,fbossomj6@sourceforge.net,Audi,R8,2011,16310
692,Irving,Oaten,ioatenj7@google.com.au,Volkswagen,Cabriolet,1991,71731
693,Terri-jo,Greenier,tgreenierj8@usgs.gov,Ford,Escort,1993,13336
694,Evita,Zanioletti,ezaniolettij9@elegantthemes.com,Suzuki,Forenza,2005,8227
695,Fransisco,Mussett,fmussettja@smugmug.com,Mazda,RX-8,2006,89288
696,Cart,Hayden,chaydenjb@wikia.com,Kia,Optima,2003,99460
697,Tomi,Saffran,tsaffranjc@gravatar.com,Chevrolet,Silverado 1500,2007,80353
698,Jermaine,Riha,jrihajd@sina.com.cn,Mercedes-Benz,W126,1981,60406
699,Leila,O'Hare,lohareje@gizmodo.com,Chevrolet,Suburban 2500,2010,54874
700,Carlyn,Briffett,cbriffettjf@telegraph.co.uk,Mercury,Tracer,1997,86420
701,Meris,Favey,mfaveyjg@constantcontact.com,Land Rover,Discovery,1999,72790
702,Beale,Midner,bmidnerjh@hc360.com,Mercury,Topaz,1991,80077
703,Aron,Melton,ameltonji@zdnet.com,Ford,GT500,2008,22918
704,Mikael,Bosward,mboswardjj@abc.net.au,Land Rover,Freelander,2002,37213
705,Halley,Duigenan,hduigenanjk@buzzfeed.com,Hummer,H3,2010,90333
706,Lorinda,Alliker,lallikerjl@si.edu,Pontiac,Bonneville,2000,10501
707,Kiah,Symper,ksymperjm@nydailynews.com,Mitsubishi,Pajero,2000,46212
708,Jecho,Fishly,jfishlyjn@edublogs.org,Dodge,Dakota Club,1997,68140
709,Charla,Burrass,cburrassjo@ustream.tv,GMC,2500 Club Coupe,1992,42884
710,Ralf,Aldins,raldinsjp@de.vu,Chevrolet,G-Series G10,1993,57217
711,Ibby,Tindle,itindlejq@flickr.com,Isuzu,Rodeo Sport,2001,95059
712,George,Prudence,gprudencejr@liveinternet.ru,GMC,Savana,2011,8806
713,Fernando,Ianittello,fianittellojs@360.cn,Dodge,Charger,2009,15825
714,Micki,McKune,mmckunejt@ucoz.com,Hyundai,Tucson,2012,62848
715,Manolo,Korneluk,mkornelukju@bbc.co.uk,Honda,Pilot,2004,34116
716,Jillane,Boissier,jboissierjv@gravatar.com,Pontiac,Grand Am,1988,86020
717,Darren,Alsop,dalsopjw@economist.com,Acura,TSX,2011,81523
718,Sheri,Feldfisher,sfeldfisherjx@feedburner.com,Buick,Century,2001,76696
719,Gaspard,Deware,gdewarejy@canalblog.com,Hyundai,Sonata,1997,43725
720,Korrie,Lake,klakejz@theglobeandmail.com,Ford,Taurus,2013,48797
721,Robenia,Dodimead,rdodimeadk0@de.vu,Daewoo,Leganza,2001,54396
722,Ber,Ybarra,bybarrak1@guardian.co.uk,Mercedes-Benz,SL-Class,1992,32568
723,Nikolai,Sawter,nsawterk2@ucoz.ru,Kia,Rio,2005,80888
724,Dannye,Mankor,dmankork3@miibeian.gov.cn,Mercedes-Benz,600SEL,1993,37355
725,Dulcea,Extil,dextilk4@guardian.co.uk,Nissan,JUKE,2011,62642
726,Luella,Rubinsztein,lrubinszteink5@ucoz.com,Bentley,Continental,2010,97044
727,Huntley,Ebbutt,hebbuttk6@360.cn,Ford,E250,2010,12939
728,Stephen,Grinyakin,sgrinyakink7@amazon.com,Chevrolet,Express,2009,9638
729,Hermine,Manolov,hmanolovk8@webs.com,Hyundai,Veloster,2013,74986
730,Tiertza,Bartrap,tbartrapk9@csmonitor.com,Chrysler,Concorde,2004,73391
731,Remus,Greenway,rgreenwayka@deviantart.com,Nissan,Maxima,2000,25644
732,Paulie,Grabeham,pgrabehamkb@cargocollective.com,Subaru,Forester,2001,9114
733,Rora,Duester,rduesterkc@bandcamp.com,Bentley,Brooklands,2010,52457
734,Thedrick,Paniman,tpanimankd@berkeley.edu,Chrysler,Town & Country,1995,8143
735,Ardeen,Burfield,aburfieldke@bloomberg.com,Acura,RSX,2004,19707
736,Meryl,Anstice,mansticekf@cnn.com,Chevrolet,Corsica,1992,46003
737,Alley,Heiner,aheinerkg@pen.io,Mercedes-Benz,SL-Class,1998,82390
738,Jillana,Creamen,jcreamenkh@chron.com,Lamborghini,Murcilago,2010,77023
739,Lezlie,Moorton,lmoortonki@examiner.com,Audi,4000s,1985,54347
740,Pierrette,Renshell,prenshellkj@loc.gov,GMC,Yukon XL 2500,2011,81088
741,Calla,Niesel,cnieselkk@hostgator.com,Scion,xB,2005,13084
742,Marilee,Copins,mcopinskl@sourceforge.net,Nissan,Xterra,2007,41529
743,Burch,De Atta,bdeattakm@xing.com,Audi,100,1989,46789
744,Shayla,Deas,sdeaskn@vinaora.com,Honda,Insight,2000,62227
745,Clemens,Aish,caishko@trellian.com,GMC,Suburban 2500,1999,39279
746,Jonie,Langmead,jlangmeadkp@myspace.com,Honda,CR-V,2007,12582
747,Bambi,Boncore,bboncorekq@t.co,Volkswagen,Cabriolet,1995,9496
748,Faye,Narup,fnarupkr@w3.org,Mercedes-Benz,300SL,1992,6204
749,Nessie,Frake,nfrakeks@artisteer.com,Ford,Taurus,2002,96630
750,Moina,Bulbrook,mbulbrookkt@china.com.cn,Audi,A4,2005,27629
751,Pavlov,Gorusso,pgorussoku@cloudflare.com,Mitsubishi,Mighty Max,1994,55450
752,Hester,Grant,hgrantkv@linkedin.com,Honda,Ridgeline,2009,91421
753,Herculie,Anthona,hanthonakw@mapy.cz,Ford,Ranger,2003,63456
754,Lizbeth,Tax,ltaxkx@csmonitor.com,Hyundai,Accent,2010,72294
755,Jacquelin,Leggitt,jleggittky@goo.gl,Toyota,RAV4,2000,27463
756,Danika,Wardley,dwardleykz@google.ru,Audi,A5,2008,79334
757,Marshall,Crosland,mcroslandl0@scientificamerican.com,Chevrolet,Astro,1995,97133
758,Booth,Siggers,bsiggersl1@ezinearticles.com,Volkswagen,Phaeton,2004,91744
759,Kleon,Stirrip,kstirripl2@barnesandnoble.com,Suzuki,Daewoo Lacetti,2004,96419
760,Mathian,Hafford,mhaffordl3@sciencedaily.com,Ford,Mustang,1993,49629
761,Lonnard,Likely,llikelyl4@example.com,Hyundai,Tiburon,2009,78016
762,Prinz,Seabourne,pseabournel5@shop-pro.jp,Audi,A6,1999,46259
763,Belicia,Kirkbright,bkirkbrightl6@sina.com.cn,Mitsubishi,Lancer,2007,76632
764,Layne,Frandsen,lfrandsenl7@imgur.com,Ford,Courier,1986,6471
765,Bel,Pilfold,bpilfoldl8@columbia.edu,Nissan,Altima,1999,52650
766,Alonzo,Martins,amartinsl9@feedburner.com,Audi,A8,2011,99115
767,Sam,Yashunin,syashuninla@globo.com,Ford,Club Wagon,1995,2617
768,Annelise,Kinkade,akinkadelb@facebook.com,Volkswagen,Cabriolet,1992,97354
769,Penny,Thomkins,pthomkinslc@delicious.com,BMW,M5,1993,40961
770,Vittoria,Bernasek,vbernasekld@mac.com,Plymouth,Colt,1993,64841
771,Tammy,Conkey,tconkeyle@blogtalkradio.com,Lincoln,Town Car,1992,8867
772,Joni,Pietersma,jpietersmalf@shutterfly.com,Buick,Roadmaster,1991,76283
773,Ddene,Schlagtmans,dschlagtmanslg@squarespace.com,Ram,2500,2012,86844
774,Luca,Richt,lrichtlh@howstuffworks.com,Honda,S2000,2000,21174
775,Ernesta,Horsefield,ehorsefieldli@prlog.org,GMC,Vandura 2500,1993,89395
776,Lissi,Maxstead,lmaxsteadlj@163.com,Isuzu,Rodeo,2001,24427
777,Cherilynn,McMakin,cmcmakinlk@is.gd,Volvo,XC90,2008,73762
778,Kailey,Eck,keckll@prlog.org,Honda,CR-X,1988,98040
779,Garret,Stud,gstudlm@gizmodo.com,Ford,Bronco II,1984,96093
780,Delmore,Caslin,dcaslinln@google.cn,Porsche,944,1988,78586
781,Kelvin,Ruler,krulerlo@myspace.com,Isuzu,VehiCROSS,2000,47518
782,Lucais,Bascombe,lbascombelp@buzzfeed.com,Lexus,SC,1995,53468
783,Robinson,Postill,rpostilllq@gnu.org,Ford,F250,1998,4267
784,Charis,Dispencer,cdispencerlr@tripadvisor.com,Mercedes-Benz,S-Class,1993,44206
785,Tuckie,Colbourne,tcolbournels@so-net.ne.jp,Bentley,Continental,2009,22649
786,Zsa zsa,Hawe,zhawelt@taobao.com,Mercedes-Benz,SLK-Class,2002,20150
787,Lutero,Abazi,labazilu@mapquest.com,Ford,Escape,2007,75585
788,Myrta,Giannasi,mgiannasilv@hao123.com,Mercedes-Benz,CLK-Class,2001,14011
789,Mela,Overshott,movershottlw@squidoo.com,Porsche,Cayman,2008,63084
790,Erroll,Tottie,etottielx@constantcontact.com,Hyundai,Elantra,2007,18071
791,Adelina,Wisson,awissonly@si.edu,Volkswagen,Jetta,1984,82257
792,Joli,Rosewell,jrosewelllz@google.com.br,Honda,Civic,2003,69936
793,Arly,Costen,acostenm0@prnewswire.com,Buick,Rainier,2004,77661
794,Beau,Goodale,bgoodalem1@1und1.de,Acura,TSX,2009,39849
795,Alison,Covell,acovellm2@cbslocal.com,Nissan,NV1500,2012,77655
796,Andrus,Fierman,afiermanm3@tmall.com,Chevrolet,Monte Carlo,2002,37858
797,Monty,Alwen,malwenm4@uiuc.edu,Dodge,Dakota Club,2000,9059
798,Eustacia,Swepstone,eswepstonem5@studiopress.com,Nissan,Versa,2010,98415
799,Sandro,Gamell,sgamellm6@cbslocal.com,Porsche,911,2004,15108
800,Basilio,Crouse,bcrousem7@guardian.co.uk,Mitsubishi,Galant,1989,4459
801,Dode,Coulsen,dcoulsenm8@ocn.ne.jp,Land Rover,Range Rover Sport,2009,84762
802,Nickolai,Vertey,nverteym9@webnode.com,Audi,90,1995,94647
803,Broddy,Elia,beliama@harvard.edu,Pontiac,Fiero,1984,60095
804,Basil,Millan,bmillanmb@t-online.de,Mazda,Mazda6,2011,26021
805,Skipper,Jowsey,sjowseymc@time.com,Volkswagen,GTI,1990,58480
806,Celesta,Muck,cmuckmd@microsoft.com,Bentley,Continental GT,2012,13309
807,Reagen,Hainey,rhaineyme@tmall.com,Toyota,RAV4,2002,62488
808,Raquel,Klug,rklugmf@xinhuanet.com,GMC,Yukon XL 2500,2000,3949
809,Naomi,Renton,nrentonmg@booking.com,Cadillac,XLR-V,2008,3308
810,Cacilia,Crutchley,ccrutchleymh@berkeley.edu,Lincoln,LS,2005,97532
811,Ferdinand,Cartan,fcartanmi@springer.com,Pontiac,G6,2007,28391
812,Erminie,Learned,elearnedmj@berkeley.edu,GMC,Suburban 1500,1999,93698
813,Julio,Ayliff,jayliffmk@tiny.cc,Volkswagen,Jetta,1988,25373
814,Brok,Tarling,btarlingml@bandcamp.com,GMC,Savana,2011,10607
815,Moishe,McLanachan,mmclanachanmm@nsw.gov.au,Hyundai,Tucson,2010,93274
816,Barry,Silverston,bsilverstonmn@domainmarket.com,Buick,Lucerne,2011,48723
817,Michel,Binnes,mbinnesmo@boston.com,Mazda,CX-9,2007,4955
818,Imogen,Drabble,idrabblemp@cam.ac.uk,Toyota,Sequoia,2007,85470
819,Lindsey,Barajaz,lbarajazmq@nifty.com,GMC,Vandura G3500,1996,72024
820,Antoine,Earland,aearlandmr@behance.net,Mitsubishi,Eclipse,2003,78582
821,Valaria,Halsworth,vhalsworthms@usnews.com,Toyota,Avalon,2010,2453
822,Gretel,Hanwell,ghanwellmt@list-manage.com,Ford,E150,2008,99313
823,Nanon,Lambeth,nlambethmu@amazon.com,GMC,Sierra 3500,2006,81260
824,Ardenia,Farland,afarlandmv@archive.org,Chevrolet,Colorado,2008,77561
825,Torrin,Eckh,teckhmw@stanford.edu,Jeep,Comanche,1992,59782
826,Marysa,Berrey,mberreymx@intel.com,Chevrolet,Silverado,2002,53498
827,Julietta,Quinnelly,jquinnellymy@sohu.com,Chrysler,PT Cruiser,2008,95857
828,Roxine,D' Angelo,rdangelomz@360.cn,Acura,NSX,2002,86242
829,Lisbeth,Helleker,lhellekern0@dropbox.com,BMW,3 Series,2000,10353
830,Birch,Amberg,bambergn1@shop-pro.jp,Volvo,V70,1998,77047
831,Jamey,Lammerts,jlammertsn2@ihg.com,Pontiac,Firebird Formula,1992,98622
832,Johnna,Josefsson,jjosefssonn3@army.mil,Aston Martin,V8 Vantage,2006,10496
833,Giana,O'Gormally,gogormallyn4@amazonaws.com,Mercedes-Benz,CLK-Class,2008,10446
834,Dorolice,Wanjek,dwanjekn5@cbc.ca,Mercury,Grand Marquis,1990,86966
835,Bobbee,O'Ferris,boferrisn6@cnet.com,Chevrolet,2500,1993,89991
836,Baxy,Omond,bomondn7@eventbrite.com,Mercedes-Benz,E-Class,1992,99049
837,Trueman,Kail,tkailn8@opera.com,Mercury,Sable,2002,96992
838,Dallis,Carme,dcarmen9@mapquest.com,Audi,A8,2002,7990
839,Eward,Crockley,ecrockleyna@tinypic.com,Ford,Fiesta,2011,46671
840,Almeta,Muldowney,amuldowneynb@dedecms.com,Plymouth,Grand Voyager,1999,17430
841,Skippy,Karran,skarrannc@liveinternet.ru,Chevrolet,Suburban 1500,2001,1154
842,Ashby,Reinhard,areinhardnd@github.com,Lotus,Elise,2008,73616
843,Verine,Storcke,vstorckene@dagondesign.com,Volvo,C70,2003,32463
844,Barbi,Pipe,bpipenf@usatoday.com,Dodge,Dakota,1995,14963
845,Modesta,Growcock,mgrowcockng@squidoo.com,Volkswagen,Touareg,2007,94090
846,Leona,De Roos,lderoosnh@miitbeian.gov.cn,Buick,Skylark,1997,93478
847,Agathe,Lumsden,alumsdenni@chron.com,Acura,NSX,1995,85700
848,Penny,Shoreman,pshoremannj@xinhuanet.com,Tesla,Model S,2012,25112
849,Fee,Ibarra,fibarrank@tripadvisor.com,Toyota,4Runner,1995,68668
850,Chalmers,Calltone,ccalltonenl@fc2.com,Mazda,Miata MX-5,2000,1015
851,Northrop,McDonnell,nmcdonnellnm@xing.com,Suzuki,SJ,1995,57333
852,Katherina,Lonergan,klonergannn@last.fm,Mercury,Mountaineer,2003,99808
853,Hart,O'Duggan,hodugganno@com.com,Chrysler,Concorde,1993,46480
854,Rodolphe,Addy,raddynp@1und1.de,Chevrolet,Avalanche,2002,26690
855,Genevra,Pes,gpesnq@abc.net.au,Honda,Accord,1997,24317
856,Agosto,Rhodus,arhodusnr@spiegel.de,Mazda,Miata MX-5,2012,80457
857,Wood,Hacket,whacketns@weather.com,Mercury,Topaz,1984,55030
858,Wendy,Maleham,wmalehamnt@usgs.gov,Lincoln,MKX,2010,28941
859,Joellyn,Lehrer,jlehrernu@example.com,Suzuki,Reno,2006,52770
860,Bradford,Errichelli,berrichellinv@ifeng.com,Mazda,RX-7,1990,94083
861,Tanny,Waight,twaightnw@skyrock.com,Land Rover,Range Rover Sport,2008,92313
862,Erminia,Emanson,eemansonnx@booking.com,Mazda,Millenia,1995,66735
863,Jilli,Sigmund,jsigmundny@oaic.gov.au,Mercedes-Benz,E-Class,2006,1350
864,Somerset,Ahearne,sahearnenz@chronoengine.com,Hyundai,Equus,2011,89882
865,Kay,Cargen,kcargeno0@cargocollective.com,Chevrolet,Corvette,1998,46665
866,Norbie,Fawdry,nfawdryo1@vk.com,Honda,Insight,2012,74797
867,Nevin,Cocher,ncochero2@bing.com,Pontiac,6000,1986,89019
868,Angy,Janjusevic,ajanjusevico3@nymag.com,Porsche,944,1985,20175
869,Salem,Cawthery,scawtheryo4@yandex.ru,Geo,Tracker,1992,57695
870,Clementine,Norval,cnorvalo5@msn.com,GMC,Envoy,2006,5244
871,Syd,Maxworthy,smaxworthyo6@dot.gov,Alfa Romeo,164,1994,49372
872,Alfy,Beddall,abeddallo7@blogs.com,Lexus,RX Hybrid,2006,65416
873,Galvan,Edlyn,gedlyno8@eepurl.com,BMW,Z8,2003,44262
874,Gerardo,Alejandro,galejandroo9@topsy.com,Chevrolet,Corvette,2012,56583
875,Stillman,Gilman,sgilmanoa@biblegateway.com,Oldsmobile,88,1992,50879
876,Chrystal,Strudwick,cstrudwickob@pcworld.com,Dodge,Ram 2500 Club,1999,22631
877,Shawna,Tite,stiteoc@hibu.com,Dodge,Avenger,2012,7005
878,Rodrigo,Demchen,rdemchenod@geocities.jp,Nissan,Altima,2013,32911
879,Padget,Woodland,pwoodlandoe@ustream.tv,Lexus,IS,2007,42964
880,Guss,Nangle,gnangleof@topsy.com,Chrysler,Town & Country,1997,41921
881,Shep,Kinnin,skinninog@jigsy.com,Ford,Explorer Sport,2000,10239
882,Kurtis,Cunnah,kcunnahoh@microsoft.com,Volvo,V70,2004,53767
883,Caty,Stodit,cstoditoi@xing.com,Suzuki,Cultus,1985,14011
884,Jan,Iacapucci,jiacapuccioj@xinhuanet.com,Mazda,MX-5,1999,46269
885,Henka,Morcom,hmorcomok@mozilla.org,Lotus,Elise,2011,55107
886,Orren,Sermin,oserminol@aboutads.info,Volkswagen,Cabriolet,1999,65608
887,Gardy,Cattroll,gcattrollom@acquirethisname.com,Nissan,Rogue,2010,26627
888,Rowney,Phifer,rphiferon@paginegialle.it,Ford,Edge,2007,25321
889,Ginger,Eldered,gelderedoo@jalbum.net,Honda,Odyssey,2010,13612
890,Horatius,Schops,hschopsop@blogtalkradio.com,Nissan,Pathfinder,2007,56053
891,Elvin,Aynold,eaynoldoq@parallels.com,Chevrolet,Cavalier,2003,41200
892,Maggi,Skone,mskoneor@economist.com,Volvo,940,1993,95478
893,Sher,McDunlevy,smcdunlevyos@bbc.co.uk,Subaru,Outback,2008,37419
894,Agnola,Gammie,agammieot@shareasale.com,Pontiac,Bonneville,1992,99725
895,Lindy,Maddin,lmaddinou@bing.com,GMC,Canyon,2010,33835
896,Rene,McAlarney,rmcalarneyov@cnbc.com,Saab,9-3,2009,10259
897,Freida,Creedland,fcreedlandow@yahoo.co.jp,Honda,Odyssey,2007,71836
898,Michale,Pharo,mpharoox@abc.net.au,BMW,1 Series,2012,49027
899,Linn,Kemmons,lkemmonsoy@reverbnation.com,Honda,del Sol,1996,31427
900,Nicol,Francescone,nfrancesconeoz@people.com.cn,Volkswagen,Jetta,2002,48935
901,Trista,Dallan,tdallanp0@narod.ru,Cadillac,Seville,2004,69974
902,Clovis,Ibbison,cibbisonp1@toplist.cz,Lexus,LS,2004,32555
903,Penelopa,Blundan,pblundanp2@google.ru,Honda,Odyssey,2006,90572
904,Christiane,Dewey,cdeweyp3@360.cn,Chevrolet,G-Series G30,1993,67043
905,Stevena,Buxy,sbuxyp4@cornell.edu,Honda,Accord,2004,57274
906,Ernaline,Farrington,efarringtonp5@hexun.com,Oldsmobile,Silhouette,2002,11111
907,Tymon,Giddy,tgiddyp6@nps.gov,Lincoln,Town Car,1992,95443
908,Efrem,Dessent,edessentp7@marriott.com,Volvo,S40,2002,9784
909,Marco,Rockwill,mrockwillp8@plala.or.jp,Ford,EXP,1985,89328
910,Gib,Verne,gvernep9@kickstarter.com,Toyota,RAV4,2007,73372
911,Donovan,Lemonby,dlemonbypa@dropbox.com,Oldsmobile,Cutlass Supreme,1994,94073
912,Vyky,Worsley,vworsleypb@domainmarket.com,Maserati,Quattroporte,2005,58076
913,Jacki,Earles,jearlespc@yellowpages.com,Spyker,C8,2005,34981
914,Wilden,Edwicker,wedwickerpd@newsvine.com,Isuzu,Rodeo,1999,70063
915,Dore,Duncombe,dduncombepe@geocities.jp,Ford,Expedition,2007,34040
916,Vitia,Crabb,vcrabbpf@umn.edu,Audi,S5,2012,92747
917,Eberto,Barsby,ebarsbypg@wix.com,Mercedes-Benz,R-Class,2008,68531
918,Bob,Southard,bsouthardph@123-reg.co.uk,Mercedes-Benz,300CE,1993,29227
919,Cristal,Adamsen,cadamsenpi@foxnews.com,Ford,Thunderbird,1989,32967
920,Frankie,Stetlye,fstetlyepj@berkeley.edu,Ford,Ranger,1999,32163
921,Cheslie,Josupeit,cjosupeitpk@networksolutions.com,Pontiac,Grand Prix,1976,87899
922,Lorri,Ambroix,lambroixpl@cmu.edu,Chevrolet,Sonic,2012,64294
923,Matilda,Rosenblum,mrosenblumpm@free.fr,Volvo,XC90,2013,41364
924,Evin,Verity,everitypn@state.gov,Saab,9000,1986,35278
925,Hasty,Tanton,htantonpo@last.fm,BMW,M6,2008,34959
926,Tomas,Cobden,tcobdenpp@w3.org,Chevrolet,Silverado 2500,2001,32828
927,Allegra,Hawley,ahawleypq@mail.ru,Cadillac,Fleetwood,1954,86148
928,Margalo,Stebbings,mstebbingspr@pbs.org,Pontiac,Montana,1999,25904
929,Isadora,Greenhaugh,igreenhaughps@narod.ru,Audi,TT,2009,44455
930,Mareah,Hargate,mhargatept@blinklist.com,GMC,Yukon,1999,2984
931,Tatum,Joskowitz,tjoskowitzpu@ask.com,Subaru,Legacy,2006,36162
932,Deirdre,Hendin,dhendinpv@youtu.be,Toyota,Paseo,1994,3240
933,Dorian,Meachen,dmeachenpw@edublogs.org,Lincoln,Navigator,2007,24475
934,Brenna,Rutter,brutterpx@jigsy.com,Ford,Ranger,1996,21955
935,Sandor,Settle,ssettlepy@twitter.com,Pontiac,Grand Prix,2004,74152
936,Roldan,Fuzzard,rfuzzardpz@addthis.com,Land Rover,Range Rover Sport,2007,98649
937,Irene,Rameau,irameauq0@umn.edu,Chevrolet,Express 1500,2012,79114
938,Meghann,Cushion,mcushionq1@jimdo.com,BMW,X6,2009,89905
939,Trip,Marguerite,tmargueriteq2@hud.gov,Pontiac,Parisienne,1984,25108
940,Gabriellia,Nutkin,gnutkinq3@newyorker.com,Dodge,Dakota Club,1997,86848
941,Sara,Carle,scarleq4@storify.com,Suzuki,SX4,2011,22950
942,Sheela,Varrow,svarrowq5@psu.edu,Mercedes-Benz,SLK-Class,1998,1357
943,Rikki,Turl,rturlq6@skype.com,Dodge,Dakota,2002,54583
944,Laetitia,Howsam,lhowsamq7@army.mil,Suzuki,Swift,1991,14298
945,Isaiah,Joseph,ijosephq8@i2i.jp,Mitsubishi,Eclipse,1998,74241
946,Isadore,Tinton,itintonq9@nationalgeographic.com,Pontiac,Grand Prix,2006,61722
947,Nonna,Seymour,nseymourqa@walmart.com,Hyundai,Veracruz,2009,50638
948,Holden,Muge,hmugeqb@reddit.com,Honda,Accord,1986,57611
949,Dave,Connelly,dconnellyqc@yandex.ru,Toyota,Supra,1995,69117
950,Jonah,Gray,jgrayqd@aol.com,GMC,Sierra 1500,2011,96864
951,Minny,Methuen,mmethuenqe@ning.com,Lincoln,Mark VIII,1995,6506
952,Lee,Merrett,lmerrettqf@blogtalkradio.com,Mercedes-Benz,500E,1993,88091
953,Tilly,Luckin,tluckinqg@fema.gov,Ford,Expedition,1999,81195
954,Fernanda,Locard,flocardqh@squarespace.com,Ford,F-Series,2004,6707
955,Sheffy,Tofano,stofanoqi@wikimedia.org,Ford,Econoline E350,2000,5504
956,Robbi,Andrey,randreyqj@quantcast.com,Toyota,Sienna,2002,86632
957,Eolande,Kupka,ekupkaqk@github.com,Infiniti,Q,1997,25731
958,Lea,Gillyett,lgillyettql@umn.edu,Porsche,Boxster,2011,22546
959,Thoma,Tindall,ttindallqm@paypal.com,Ford,F-Series,2004,28525
960,Marci,Crix,mcrixqn@symantec.com,Ford,E-350 Super Duty Van,2006,41707
961,Persis,Kincey,pkinceyqo@jiathis.com,Mitsubishi,Endeavor,2007,4934
962,Marlane,MacCome,mmaccomeqp@ted.com,Chevrolet,Venture,2001,11302
963,Maisey,Holtham,mholthamqq@rediff.com,Ford,Tempo,1994,58532
964,Roosevelt,Camblin,rcamblinqr@altervista.org,Ford,Tempo,1985,97035
965,Marnia,Maffey,mmaffeyqs@ask.com,Mazda,Mazda6 5-Door,2006,87095
966,Regan,Burnand,rburnandqt@flavors.me,Toyota,Supra,1992,29942
967,Erhart,Dilgarno,edilgarnoqu@delicious.com,GMC,Savana 2500,2011,40852
968,Feliks,Dawltrey,fdawltreyqv@chicagotribune.com,Fillmore,Fillmore,1960,83880
969,Ferris,Pover,fpoverqw@jimdo.com,Plymouth,Neon,1995,66104
970,Lyndell,Leathem,lleathemqx@typepad.com,Cadillac,DTS,2009,93554
971,Nevile,Stanway,nstanwayqy@amazonaws.com,Audi,A8,2011,57328
972,Thorpe,Sreenan,tsreenanqz@gravatar.com,BMW,7 Series,2008,30814
973,Raimundo,Duke,rduker0@trellian.com,Mazda,Familia,1991,66276
974,Alexina,McGorman,amcgormanr1@icio.us,GMC,Sonoma Club Coupe,1993,44563
975,Colleen,Kalinowsky,ckalinowskyr2@wikia.com,Ford,Ranger,2001,86709
976,Suzanna,Metts,smettsr3@dion.ne.jp,GMC,Canyon,2006,38628
977,Orbadiah,Gowthrop,ogowthropr4@last.fm,Suzuki,Vitara,2001,77264
978,Bartholomeo,Castilla,bcastillar5@acquirethisname.com,Chrysler,Concorde,1999,34367
979,Jaclin,Monkleigh,jmonkleighr6@omniture.com,Suzuki,Sidekick,1989,6755
980,Akim,Jiroudek,ajiroudekr7@china.com.cn,Mitsubishi,Outlander,2008,31702
981,Ambur,Gething,agethingr8@netlog.com,Volkswagen,Golf,2001,68532
982,Jena,Randalson,jrandalsonr9@xinhuanet.com,Chevrolet,Lumina,1999,86378
983,Jamison,Figurski,jfigurskira@gmpg.org,Mazda,Familia,1991,43129
984,Ranique,Philipsen,rphilipsenrb@ucoz.ru,Isuzu,Stylus,1993,11080
985,Rycca,Mazillius,rmazilliusrc@amazon.de,GMC,Suburban 2500,1995,42899
986,Lonni,Bart,lbartrd@comsenz.com,Suzuki,Daewoo Magnus,2005,81110
987,Val,Camings,vcamingsre@exblog.jp,Mercedes-Benz,SLK-Class,2001,36014
988,Puff,Mattingly,pmattinglyrf@instagram.com,Porsche,944,1991,11469
989,Cynde,Glazyer,cglazyerrg@mail.ru,Hyundai,Azera,2011,88602
990,Jacklyn,Dugdale,jdugdalerh@theguardian.com,Toyota,Prius c,2012,65219
991,Morena,Raine,mraineri@dagondesign.com,Ford,F-Series Super Duty,2007,70160
992,Karalynn,Perelli,kperellirj@domainmarket.com,Aston Martin,V12 Vantage,2012,57407
993,Eben,Robertsson,erobertssonrk@merriam-webster.com,Subaru,Leone,1986,38548
994,Richy,Bogey,rbogeyrl@edublogs.org,Ford,Escort,1997,25494
995,Salmon,Hansed,shansedrm@last.fm,Hyundai,Elantra,2013,24551
996,Rivi,Dand,rdandrn@goodreads.com,Mercury,Cougar,1984,15532
997,Gert,Bagnold,gbagnoldro@digg.com,Chevrolet,Silverado 2500,2003,68524
998,Ellwood,Ginner,eginnerrp@twitter.com,Honda,Element,2008,61796
999,Roland,Grigorey,rgrigoreyrq@wikispaces.com,Lincoln,Town Car,1986,4974
1000,Lissy,Siward,lsiwardrr@mapy.cz,Chevrolet,Colorado,2005,32765
